{
"type": "FeatureCollection",
"name": "toulouse_sensor_clustering",
"crs": { "type": "name", "properties": { "name": "urn:ogc:def:crs:OGC:1.3:CRS84" } },
"features": [
{ "type": "Feature", "properties": { "detid": "811", "flow": 0.35483870967741937, "k_correct": 0.048524383429846767, "length": 0.236712397661546, "pos": 0.22946925758040601, "fclass": "secondary", "road": "Avenue de Lardenne", "limit": "50", "citycode": "toulouse", "lanes": 1.0, "linkid": 0.0, "long": 1.4045924, "lat": 43.5930094, "osmid": "811", "x": 1.4045924, "y": 43.5930094 }, "geometry": { "type": "Point", "coordinates": [ 1.4045924, 43.5930094 ] } },
{ "type": "Feature", "properties": { "detid": "812", "flow": 0.37096774193548387, "k_correct": 0.075447673781448163, "length": 0.12872350075641201, "pos": 0.12069262920493901, "fclass": "secondary", "road": "Avenue de Lardenne", "limit": "50", "citycode": "toulouse", "lanes": 1.0, "linkid": 1.0, "long": 1.4074449, "lat": 43.59353, "osmid": "812", "x": 1.4074449, "y": 43.59353 }, "geometry": { "type": "Point", "coordinates": [ 1.4074449, 43.59353 ] } },
{ "type": "Feature", "properties": { "detid": "815", "flow": 0.23387096774193547, "k_correct": 0.073284805778081816, "length": 0.13228744332873399, "pos": 0.110051634129223, "fclass": "secondary", "road": "Avenue de Lombez", "limit": "50", "citycode": "toulouse", "lanes": 1.0, "linkid": 18.0, "long": 1.417754, "lat": 43.595425, "osmid": "815", "x": 1.417754, "y": 43.595425 }, "geometry": { "type": "Point", "coordinates": [ 1.417754, 43.595425 ] } },
{ "type": "Feature", "properties": { "detid": "810", "flow": 0.28225806451612906, "k_correct": 0.024213384285411869, "length": 0.23717738961916501, "pos": 0.21282212132880499, "fclass": "secondary", "road": "Avenue de Lardenne", "limit": "50", "citycode": "toulouse", "lanes": 1.0, "linkid": 2.0, "long": 1.4070989, "lat": 43.5935164, "osmid": "810", "x": 1.4070989, "y": 43.5935164 }, "geometry": { "type": "Point", "coordinates": [ 1.4070989, 43.5935164 ] } },
{ "type": "Feature", "properties": { "detid": "340", "flow": 0.2661290322580645, "k_correct": 0.021832040924218053, "length": 0.215298077561695, "pos": 0.20881431944637799, "fclass": "secondary", "road": "Avenue de Lardenne", "limit": "50", "citycode": "toulouse", "lanes": 1.0, "linkid": 3.0, "long": 1.404465, "lat": 43.5930356, "osmid": "340", "x": 1.404465, "y": 43.5930356 }, "geometry": { "type": "Point", "coordinates": [ 1.404465, 43.5930356 ] } },
{ "type": "Feature", "properties": { "detid": "1748", "flow": 0.092741935483870969, "k_correct": 0.0077695697861726283, "length": 0.182204877202403, "pos": 0.17399907737366199, "fclass": "tertiary", "road": "Voie du T.O.E.C.", "limit": "50", "citycode": "toulouse", "lanes": 1.0, "linkid": 40.0, "long": 1.4018083, "lat": 43.5945518, "osmid": "1748", "x": 1.4018083, "y": 43.5945518 }, "geometry": { "type": "Point", "coordinates": [ 1.4018083, 43.5945518 ] } },
{ "type": "Feature", "properties": { "detid": "275", "flow": 0.36290322580645162, "k_correct": 0.098448163121033799, "length": 0.16676235687122301, "pos": 0.15466995508757, "fclass": "secondary", "road": "Avenue de Lardenne", "limit": "50", "citycode": "toulouse", "lanes": 1.0, "linkid": 6.0, "long": 1.3997295, "lat": 43.5921032, "osmid": "275", "x": 1.3997295, "y": 43.5921032 }, "geometry": { "type": "Point", "coordinates": [ 1.3997295, 43.592103199999983 ] } },
{ "type": "Feature", "properties": { "detid": "276", "flow": 0.20161290322580644, "k_correct": 1.0, "length": 0.069705759915836996, "pos": 0.058609372755346001, "fclass": "secondary", "road": "Avenue de Lardenne", "limit": "50", "citycode": "toulouse", "lanes": 1.0, "linkid": 7.0, "long": 1.3991797, "lat": 43.5920915, "osmid": "276", "x": 1.3991797, "y": 43.5920915 }, "geometry": { "type": "Point", "coordinates": [ 1.3991797, 43.5920915 ] } },
{ "type": "Feature", "properties": { "detid": "343", "flow": 0.37096774193548387, "k_correct": 0.053958766409387217, "length": 0.21483250081361099, "pos": 0.18814035594227299, "fclass": "secondary", "road": "Avenue de Lardenne", "limit": "50", "citycode": "toulouse", "lanes": 1.0, "linkid": 4.0, "long": 1.4022495, "lat": 43.5925704, "osmid": "343", "x": 1.4022495, "y": 43.5925704 }, "geometry": { "type": "Point", "coordinates": [ 1.4022495, 43.5925704 ] } },
{ "type": "Feature", "properties": { "detid": "342", "flow": 0.33064516129032256, "k_correct": 0.075050710498080722, "length": 0.34280397290554998, "pos": 0.31626072287342, "fclass": "secondary", "road": "Avenue de Lardenne", "limit": "50", "citycode": "toulouse", "lanes": 1.0, "linkid": 9.0, "long": 1.3973089, "lat": 43.5923645, "osmid": "342", "x": 1.3973089, "y": 43.5923645 }, "geometry": { "type": "Point", "coordinates": [ 1.3973089, 43.592364500000016 ] } },
{ "type": "Feature", "properties": { "detid": "331", "flow": 0.30645161290322581, "k_correct": 0.069490084393619575, "length": 0.34010953522773502, "pos": 0.32850605849443298, "fclass": "secondary", "road": "Avenue de Lardenne", "limit": "0", "citycode": "toulouse", "lanes": 1.0, "linkid": 10.0, "long": 1.393653, "lat": 43.5932211, "osmid": "331", "x": 1.393653, "y": 43.5932211 }, "geometry": { "type": "Point", "coordinates": [ 1.393653, 43.5932211 ] } },
{ "type": "Feature", "properties": { "detid": "332", "flow": 0.25, "k_correct": 0.10876929900796521, "length": 0.13139674504373899, "pos": 0.121167198353415, "fclass": "secondary", "road": "Avenue de Lardenne", "limit": "0", "citycode": "toulouse", "lanes": 1.0, "linkid": 11.0, "long": 1.3932212, "lat": 43.5933746, "osmid": "332", "x": 1.3932212, "y": 43.5933746 }, "geometry": { "type": "Point", "coordinates": [ 1.3932212, 43.5933746 ] } },
{ "type": "Feature", "properties": { "detid": "375", "flow": 0.41935483870967744, "k_correct": 0.083356800902484804, "length": 0.13019928559345301, "pos": 0.104013494774476, "fclass": "secondary", "road": "Rue Georges Vedel", "limit": "0", "citycode": "toulouse", "lanes": 3.0, "linkid": 48.0, "long": 1.3966718, "lat": 43.6068858, "osmid": "375", "x": 1.3966718, "y": 43.6068858 }, "geometry": { "type": "Point", "coordinates": [ 1.3966718, 43.6068858 ] } },
{ "type": "Feature", "properties": { "detid": "837", "flow": 0.18548387096774194, "k_correct": 0.040770437868836572, "length": 0.17624691596575501, "pos": 0.13998428692533599, "fclass": "secondary", "road": "Avenue de Lardenne", "limit": "50", "citycode": "toulouse", "lanes": 1.0, "linkid": 14.0, "long": 1.3910271, "lat": 43.5935339, "osmid": "837", "x": 1.3910271, "y": 43.5935339 }, "geometry": { "type": "Point", "coordinates": [ 1.3910271, 43.5935339 ] } },
{ "type": "Feature", "properties": { "detid": "838", "flow": 0.29435483870967744, "k_correct": 0.11614850354259708, "length": 0.13287330335072101, "pos": 0.11841564149638099, "fclass": "secondary", "road": "Avenue de Lardenne", "limit": "0", "citycode": "toulouse", "lanes": 1.0, "linkid": 12.0, "long": 1.3918894, "lat": 43.5936485, "osmid": "838", "x": 1.3918894, "y": 43.5936485 }, "geometry": { "type": "Point", "coordinates": [ 1.3918894, 43.5936485 ] } },
{ "type": "Feature", "properties": { "detid": "336", "flow": 0.28225806451612906, "k_correct": 0.33036109982941575, "length": 0.065086189972532002, "pos": 0.057573096521836002, "fclass": "secondary", "road": "Avenue de Lardenne", "limit": "50", "citycode": "toulouse", "lanes": 2.0, "linkid": 16.0, "long": 1.3778441, "lat": 43.5900634, "osmid": "336", "x": 1.3778441, "y": 43.5900634 }, "geometry": { "type": "Point", "coordinates": [ 1.3778441, 43.5900634 ] } },
{ "type": "Feature", "properties": { "detid": "11", "flow": 0.17741935483870969, "k_correct": 0.06003009422401983, "length": 0.123915339592028, "pos": 0.101297212172689, "fclass": "secondary", "road": "Boulevard Gabriel Koenigs", "limit": "50", "citycode": "toulouse", "lanes": 1.0, "linkid": 26.0, "long": 1.4195752, "lat": 43.596133, "osmid": "11", "x": 1.4195752, "y": 43.596133 }, "geometry": { "type": "Point", "coordinates": [ 1.4195752, 43.596133 ] } },
{ "type": "Feature", "properties": { "detid": "12", "flow": 0.16129032258064516, "k_correct": 0.031075835122884067, "length": 0.25580347809263598, "pos": 0.227426667549749, "fclass": "secondary", "road": "Avenue de Lombez", "limit": "50", "citycode": "toulouse", "lanes": 1.0, "linkid": 21.0, "long": 1.4200526, "lat": 43.5958242, "osmid": "12", "x": 1.4200526, "y": 43.5958242 }, "geometry": { "type": "Point", "coordinates": [ 1.4200526, 43.5958242 ] } },
{ "type": "Feature", "properties": { "detid": "9", "flow": 0.22580645161290322, "k_correct": 0.037865794130301451, "length": 0.47522678410747798, "pos": 0.43400954405652098, "fclass": "secondary", "road": "Boulevard Gabriel Koenigs", "limit": "50", "citycode": "toulouse", "lanes": 1.0, "linkid": 92.0, "long": 1.4193352, "lat": 43.5952783, "osmid": "9", "x": 1.4193352, "y": 43.5952783 }, "geometry": { "type": "Point", "coordinates": [ 1.4193352, 43.5952783 ] } },
{ "type": "Feature", "properties": { "detid": "10", "flow": 0.23387096774193547, "k_correct": 0.11035749268519147, "length": 0.149521300555124, "pos": 0.123240017501882, "fclass": "secondary", "road": "Avenue de Lombez", "limit": "50", "citycode": "toulouse", "lanes": 1.0, "linkid": 19.0, "long": 1.4190455, "lat": 43.5957125, "osmid": "10", "x": 1.4190455, "y": 43.5957125 }, "geometry": { "type": "Point", "coordinates": [ 1.4190455, 43.5957125 ] } },
{ "type": "Feature", "properties": { "detid": "813", "flow": 0.19354838709677419, "k_correct": 0.065671507067061735, "length": 0.146571998418774, "pos": 0.136686550951028, "fclass": "secondary", "road": "Avenue de Lombez", "limit": "50", "citycode": "toulouse", "lanes": 1.0, "linkid": 20.0, "long": 1.417459, "lat": 43.5953959, "osmid": "813", "x": 1.417459, "y": 43.5953959 }, "geometry": { "type": "Point", "coordinates": [ 1.417459, 43.5953959 ] } },
{ "type": "Feature", "properties": { "detid": "1351", "flow": 0.34677419354838712, "k_correct": 0.56697569675131065, "length": 0.070282886424954005, "pos": 0.063900225022385002, "fclass": "secondary", "road": "Place Roguet", "limit": "50", "citycode": "toulouse", "lanes": 2.0, "linkid": 58.0, "long": 1.4296617, "lat": 43.5975782, "osmid": "1351", "x": 1.4296617, "y": 43.5975782 }, "geometry": { "type": "Point", "coordinates": [ 1.4296617, 43.597578200000015 ] } },
{ "type": "Feature", "properties": { "detid": "6", "flow": 0.22580645161290322, "k_correct": 0.053637912381783455, "length": 0.25528614040166098, "pos": 0.23403606898101301, "fclass": "secondary", "road": "Avenue de Grande Bretagne", "limit": "0", "citycode": "toulouse", "lanes": 1.0, "linkid": 22.0, "long": 1.4203262, "lat": 43.5976219, "osmid": "6", "x": 1.4203262, "y": 43.5976219 }, "geometry": { "type": "Point", "coordinates": [ 1.4203262, 43.5976219 ] } },
{ "type": "Feature", "properties": { "detid": "326", "flow": 0.43548387096774194, "k_correct": 0.042529955158985167, "length": 0.193942378942149, "pos": 0.16966693676758601, "fclass": "secondary", "road": "Avenue de Grande Bretagne", "limit": "50", "citycode": "toulouse", "lanes": 2.0, "linkid": 28.0, "long": 1.4177513, "lat": 43.5988389, "osmid": "326", "x": 1.4177513, "y": 43.5988389 }, "geometry": { "type": "Point", "coordinates": [ 1.4177513, 43.5988389 ] } },
{ "type": "Feature", "properties": { "detid": "325", "flow": 0.36290322580645162, "k_correct": 0.036135721030527784, "length": 0.16815838720954099, "pos": 0.15699553419465001, "fclass": "secondary", "road": "Avenue de Grande Bretagne", "limit": "50", "citycode": "toulouse", "lanes": 2.0, "linkid": 27.0, "long": 1.4181054, "lat": 43.5986252, "osmid": "325", "x": 1.4181054, "y": 43.5986252 }, "geometry": { "type": "Point", "coordinates": [ 1.4181054, 43.5986252 ] } },
{ "type": "Feature", "properties": { "detid": "206", "flow": 0.11290322580645161, "k_correct": 0.021698500036473365, "length": 0.216381684129862, "pos": 0.19693074372949301, "fclass": "tertiary", "road": "Voie du T.O.E.C.", "limit": "50", "citycode": "toulouse", "lanes": 1.0, "linkid": 41.0, "long": 1.4037046, "lat": 43.5974753, "osmid": "206", "x": 1.4037046, "y": 43.5974753 }, "geometry": { "type": "Point", "coordinates": [ 1.4037046, 43.5974753 ] } },
{ "type": "Feature", "properties": { "detid": "207", "flow": 0.16935483870967741, "k_correct": 0.060421553581483073, "length": 0.123171991213864, "pos": 0.11132687646924599, "fclass": "tertiary", "road": "Voie du T.O.E.C.", "limit": "50", "citycode": "toulouse", "lanes": 1.0, "linkid": 36.0, "long": 1.4034216, "lat": 43.5970276, "osmid": "207", "x": 1.4034216, "y": 43.5970276 }, "geometry": { "type": "Point", "coordinates": [ 1.4034216, 43.5970276 ] } },
{ "type": "Feature", "properties": { "detid": "361", "flow": 0.18548387096774194, "k_correct": 0.055431838005378563, "length": 0.26362956125402898, "pos": 0.25548809990701898, "fclass": "tertiary", "road": "Route de Bayonne", "limit": "0", "citycode": "toulouse", "lanes": 1.0, "linkid": 49.0, "long": 1.3907777, "lat": 43.6082812, "osmid": "361", "x": 1.3907777, "y": 43.6082812 }, "geometry": { "type": "Point", "coordinates": [ 1.3907777, 43.6082812 ] } },
{ "type": "Feature", "properties": { "detid": "365", "flow": 0.31451612903225806, "k_correct": 0.042206655860931509, "length": 0.50247684314293095, "pos": 0.35166449133313199, "fclass": "secondary", "road": "Avenue de Grande Bretagne", "limit": "50", "citycode": "toulouse", "lanes": 2.0, "linkid": 32.0, "long": 1.4110645, "lat": 43.6017679, "osmid": "365", "x": 1.4110645, "y": 43.6017679 }, "geometry": { "type": "Point", "coordinates": [ 1.4110645, 43.6017679 ] } },
{ "type": "Feature", "properties": { "detid": "97", "flow": 0.33064516129032256, "k_correct": 0.02782061344605511, "length": 0.79090779216643003, "pos": 0.76762649423215801, "fclass": "tertiary", "road": "Route de Bayonne", "limit": "0", "citycode": "toulouse", "lanes": 1.0, "linkid": 50.0, "long": 1.3901085, "lat": 43.6084298, "osmid": "97", "x": 1.3901085, "y": 43.6084298 }, "geometry": { "type": "Point", "coordinates": [ 1.3901085, 43.6084298 ] } },
{ "type": "Feature", "properties": { "detid": "88", "flow": 0.16129032258064516, "k_correct": 0.030538450912713008, "length": 0.19476724239402701, "pos": 0.17894651715714599, "fclass": "tertiary", "road": "Voie du T.O.E.C.", "limit": "50", "citycode": "toulouse", "lanes": 1.0, "linkid": 37.0, "long": 1.4024265, "lat": 43.5960223, "osmid": "88", "x": 1.4024265, "y": 43.5960223 }, "geometry": { "type": "Point", "coordinates": [ 1.4024265, 43.5960223 ] } },
{ "type": "Feature", "properties": { "detid": "1749", "flow": 0.15322580645161291, "k_correct": 0.017288908367356443, "length": 0.20760868520102799, "pos": 0.19450659088096001, "fclass": "tertiary", "road": "Voie du T.O.E.C.", "limit": "50", "citycode": "toulouse", "lanes": 1.0, "linkid": 38.0, "long": 1.4017506, "lat": 43.5943682, "osmid": "1749", "x": 1.4017506, "y": 43.5943682 }, "geometry": { "type": "Point", "coordinates": [ 1.4017506, 43.5943682 ] } },
{ "type": "Feature", "properties": { "detid": "386", "flow": 0.15322580645161291, "k_correct": 0.022704448370434258, "length": 0.46586948927856903, "pos": 0.45612005318509502, "fclass": "tertiary", "road": "Route de Bayonne", "limit": "0", "citycode": "toulouse", "lanes": 1.0, "linkid": 54.0, "long": 1.378178, "lat": 43.6083715, "osmid": "386", "x": 1.378178, "y": 43.6083715 }, "geometry": { "type": "Point", "coordinates": [ 1.378178, 43.608371499999983 ] } },
{ "type": "Feature", "properties": { "detid": "387", "flow": 0.080645161290322578, "k_correct": 0.002905846180465901, "length": 0.95877755614607596, "pos": 0.936367644745701, "fclass": "tertiary", "road": "Chemin de Tournefeuille", "limit": "0", "citycode": "toulouse", "lanes": 1.0, "linkid": 55.0, "long": 1.3783202, "lat": 43.6080462, "osmid": "387", "x": 1.3783202, "y": 43.6080462 }, "geometry": { "type": "Point", "coordinates": [ 1.3783202, 43.608046199999983 ] } },
{ "type": "Feature", "properties": { "detid": "345", "flow": 0.40322580645161288, "k_correct": 0.060536572870519112, "length": 0.21078046537633799, "pos": 0.20220510226743901, "fclass": "secondary", "road": "Avenue Étienne Billières", "limit": "50", "citycode": "toulouse", "lanes": 2.0, "linkid": 59.0, "long": 1.4295517, "lat": 43.5976404, "osmid": "345", "x": 1.4295517, "y": 43.5976404 }, "geometry": { "type": "Point", "coordinates": [ 1.4295517, 43.5976404 ] } },
{ "type": "Feature", "properties": { "detid": "169", "flow": 0.66129032258064513, "k_correct": 0.11363316624166415, "length": 0.15507944023887199, "pos": 0.13982412046734699, "fclass": "primary", "road": "Allées Charles de Fitte", "limit": "50", "citycode": "toulouse", "lanes": 2.0, "linkid": 75.0, "long": 1.4295799, "lat": 43.5996615, "osmid": "169", "x": 1.4295799, "y": 43.5996615 }, "geometry": { "type": "Point", "coordinates": [ 1.4295799, 43.5996615 ] } },
{ "type": "Feature", "properties": { "detid": "17", "flow": 0.20967741935483872, "k_correct": 0.14771476062327077, "length": 0.067743292196961999, "pos": 0.061730499618004003, "fclass": "tertiary", "road": "Place Intérieure Saint-Cyprien", "limit": "30", "citycode": "toulouse", "lanes": 1.0, "linkid": 71.0, "long": 1.4311684, "lat": 43.5978322, "osmid": "17", "x": 1.4311684, "y": 43.5978322 }, "geometry": { "type": "Point", "coordinates": [ 1.4311684, 43.5978322 ] } },
{ "type": "Feature", "properties": { "detid": "166", "flow": 0.2661290322580645, "k_correct": 0.032849250014904595, "length": 0.18282388278634501, "pos": 0.15573027158728001, "fclass": "primary_link", "road": "Allées Charles de Fitte", "limit": "50", "citycode": "toulouse", "lanes": 2.0, "linkid": 62.0, "long": 1.4319684, "lat": 43.5963865, "osmid": "166", "x": 1.4319684, "y": 43.5963865 }, "geometry": { "type": "Point", "coordinates": [ 1.4319684, 43.5963865 ] } },
{ "type": "Feature", "properties": { "detid": "167", "flow": 0.43548387096774194, "k_correct": 0.11759035651766543, "length": 0.38487935958034403, "pos": 0.381763207536293, "fclass": "primary", "road": "Allées Charles de Fitte", "limit": "50", "citycode": "toulouse", "lanes": 1.0, "linkid": 60.0, "long": 1.4319242, "lat": 43.5963788, "osmid": "167", "x": 1.4319242, "y": 43.5963788 }, "geometry": { "type": "Point", "coordinates": [ 1.4319242, 43.5963788 ] } },
{ "type": "Feature", "properties": { "detid": "170", "flow": 0.42741935483870969, "k_correct": 0.11298373815225388, "length": 0.17542604033357001, "pos": 0.13525387119608401, "fclass": "primary_link", "road": "Allées Charles de Fitte", "limit": "50", "citycode": "toulouse", "lanes": 1.0, "linkid": 64.0, "long": 1.4298293, "lat": 43.5990759, "osmid": "170", "x": 1.4298293, "y": 43.5990759 }, "geometry": { "type": "Point", "coordinates": [ 1.4298293, 43.5990759 ] } },
{ "type": "Feature", "properties": { "detid": "171", "flow": 0.24193548387096775, "k_correct": 0.044723013945382507, "length": 0.40230635923998898, "pos": 0.36061084918133501, "fclass": "primary", "road": "Allées Charles de Fitte", "limit": "50", "citycode": "toulouse", "lanes": 1.0, "linkid": 61.0, "long": 1.429891, "lat": 43.5990914, "osmid": "171", "x": 1.429891, "y": 43.5990914 }, "geometry": { "type": "Point", "coordinates": [ 1.429891, 43.5990914 ] } },
{ "type": "Feature", "properties": { "detid": "168", "flow": 0.43548387096774194, "k_correct": 0.064907528688847971, "length": 0.18110596040705801, "pos": 0.17151658323160901, "fclass": "primary_link", "road": "Allées Charles de Fitte", "limit": "50", "citycode": "toulouse", "lanes": 2.0, "linkid": 63.0, "long": 1.4309223, "lat": 43.5975899, "osmid": "168", "x": 1.4309223, "y": 43.5975899 }, "geometry": { "type": "Point", "coordinates": [ 1.4309223, 43.5975899 ] } },
{ "type": "Feature", "properties": { "detid": "431", "flow": 0.93548387096774188, "k_correct": 0.068039148239458572, "length": 0.20483653305715599, "pos": 0.15595388749945199, "fclass": "primary", "road": "Allées Charles de Fitte", "limit": "50", "citycode": "toulouse", "lanes": 3.0, "linkid": 84.0, "long": 1.4334396, "lat": 43.5941429, "osmid": "431", "x": 1.4334396, "y": 43.5941429 }, "geometry": { "type": "Point", "coordinates": [ 1.4334396, 43.5941429 ] } },
{ "type": "Feature", "properties": { "detid": "435", "flow": 0.2661290322580645, "k_correct": 0.27705627446020176, "length": 0.069247112639091002, "pos": 0.056111479050212, "fclass": "tertiary", "road": "Place Intérieure Saint-Cyprien", "limit": "30", "citycode": "toulouse", "lanes": 1.0, "linkid": 65.0, "long": 1.4318825, "lat": 43.598092, "osmid": "435", "x": 1.4318825, "y": 43.598092 }, "geometry": { "type": "Point", "coordinates": [ 1.4318825, 43.598092 ] } },
{ "type": "Feature", "properties": { "detid": "436", "flow": 0.37096774193548387, "k_correct": 0.055951885858748426, "length": 0.20778835156182199, "pos": 0.098935602787241006, "fclass": "tertiary", "road": "Rue de la République", "limit": "30", "citycode": "toulouse", "lanes": 2.0, "linkid": 72.0, "long": 1.4334369, "lat": 43.5983125, "osmid": "436", "x": 1.4334369, "y": 43.5983125 }, "geometry": { "type": "Point", "coordinates": [ 1.4334369, 43.5983125 ] } },
{ "type": "Feature", "properties": { "detid": "287", "flow": 0.37903225806451613, "k_correct": 0.039373840199685192, "length": 0.20778835156182199, "pos": 0.19792813378903301, "fclass": "tertiary", "road": "Rue de la République", "limit": "30", "citycode": "toulouse", "lanes": 2.0, "linkid": 72.0, "long": 1.4346264, "lat": 43.5985262, "osmid": "287", "x": 1.4346264, "y": 43.5985262 }, "geometry": { "type": "Point", "coordinates": [ 1.4346264, 43.5985262 ] } },
{ "type": "Feature", "properties": { "detid": "162", "flow": 0.32258064516129031, "k_correct": 0.068517006765938041, "length": 0.14088606451228999, "pos": 0.12887053930231901, "fclass": "tertiary", "road": "Rue de la République", "limit": "30", "citycode": "toulouse", "lanes": 2.0, "linkid": 73.0, "long": 1.4363082, "lat": 43.5988369, "osmid": "162", "x": 1.4363082, "y": 43.5988369 }, "geometry": { "type": "Point", "coordinates": [ 1.4363082, 43.5988369 ] } },
{ "type": "Feature", "properties": { "detid": "175", "flow": 0.57258064516129037, "k_correct": 0.056339730511078087, "length": 0.187700880548965, "pos": 0.15568610823475701, "fclass": "primary", "road": "Boulevard Lascrosses", "limit": "50", "citycode": "toulouse", "lanes": 2.0, "linkid": 560.0, "long": 1.430237, "lat": 43.6090143, "osmid": "175", "x": 1.430237, "y": 43.6090143 }, "geometry": { "type": "Point", "coordinates": [ 1.430237, 43.609014299999984 ] } },
{ "type": "Feature", "properties": { "detid": "176", "flow": 0.31451612903225806, "k_correct": 0.064444541090717428, "length": 0.116019453638929, "pos": 0.104943139993351, "fclass": "primary", "road": "Boulevard Lascrosses", "limit": "50", "citycode": "toulouse", "lanes": 2.0, "linkid": 559.0, "long": 1.4307882, "lat": 43.6090949, "osmid": "176", "x": 1.4307882, "y": 43.6090949 }, "geometry": { "type": "Point", "coordinates": [ 1.4307882, 43.609094899999988 ] } },
{ "type": "Feature", "properties": { "detid": "2", "flow": 0.70161290322580649, "k_correct": 0.036831837296593707, "length": 0.24802344501895501, "pos": 0.22439216663910899, "fclass": "primary", "road": "Boulevard de la Marquette", "limit": "50", "citycode": "toulouse", "lanes": 3.0, "linkid": 176.0, "long": 1.4283286, "lat": 43.6125236, "osmid": "2", "x": 1.4283286, "y": 43.6125236 }, "geometry": { "type": "Point", "coordinates": [ 1.4283286, 43.61252360000001 ] } },
{ "type": "Feature", "properties": { "detid": "300", "flow": 0.31048387096774194, "k_correct": 0.078564400971737017, "length": 0.13768102305423799, "pos": 0.13283472309517, "fclass": "tertiary", "road": "Boulevard Richard Wagner", "limit": "50", "citycode": "toulouse", "lanes": 1.0, "linkid": 79.0, "long": 1.4244488, "lat": 43.6030334, "osmid": "300", "x": 1.4244488, "y": 43.6030334 }, "geometry": { "type": "Point", "coordinates": [ 1.4244488, 43.6030334 ] } },
{ "type": "Feature", "properties": { "detid": "301", "flow": 0.14516129032258066, "k_correct": 0.016533392964117384, "length": 0.26868660696459501, "pos": 0.24498843678513199, "fclass": "tertiary", "road": "Boulevard Richard Wagner", "limit": "50", "citycode": "toulouse", "lanes": 1.0, "linkid": 77.0, "long": 1.4244998, "lat": 43.6029567, "osmid": "301", "x": 1.4244998, "y": 43.6029567 }, "geometry": { "type": "Point", "coordinates": [ 1.4244998, 43.6029567 ] } },
{ "type": "Feature", "properties": { "detid": "619", "flow": 0.27419354838709675, "k_correct": 0.05804115889187187, "length": 0.32464495746306599, "pos": 0.31475560174367001, "fclass": "secondary", "road": "Allée de Barcelone", "limit": "50", "citycode": "toulouse", "lanes": 2.0, "linkid": 604.0, "long": 1.4235771, "lat": 43.6091435, "osmid": "619", "x": 1.4235771, "y": 43.6091435 }, "geometry": { "type": "Point", "coordinates": [ 1.4235771, 43.6091435 ] } },
{ "type": "Feature", "properties": { "detid": "421", "flow": 0.54838709677419351, "k_correct": 0.11624938750451279, "length": 0.1517286817747, "pos": 0.12364798336731, "fclass": "primary", "road": "Allées Charles de Fitte", "limit": "50", "citycode": "toulouse", "lanes": 2.0, "linkid": 76.0, "long": 1.4287832, "lat": 43.600553, "osmid": "421", "x": 1.4287832, "y": 43.600553 }, "geometry": { "type": "Point", "coordinates": [ 1.4287832, 43.600553 ] } },
{ "type": "Feature", "properties": { "detid": "1", "flow": 0.12096774193548387, "k_correct": 0.033692330486721218, "length": 0.119215423549525, "pos": 0.084619422193769001, "fclass": "tertiary", "road": "Boulevard Richard Wagner", "limit": "0", "citycode": "toulouse", "lanes": 1.0, "linkid": 78.0, "long": 1.4232673, "lat": 43.6033131, "osmid": "1", "x": 1.4232673, "y": 43.6033131 }, "geometry": { "type": "Point", "coordinates": [ 1.4232673, 43.6033131 ] } },
{ "type": "Feature", "properties": { "detid": "40", "flow": 0.32258064516129031, "k_correct": 0.05830357479152324, "length": 0.19095575025446401, "pos": 0.18656324160061799, "fclass": "tertiary", "road": "Boulevard Richard Wagner", "limit": "0", "citycode": "toulouse", "lanes": 1.0, "linkid": 80.0, "long": 1.4228435, "lat": 43.6034393, "osmid": "40", "x": 1.4228435, "y": 43.6034393 }, "geometry": { "type": "Point", "coordinates": [ 1.4228435, 43.6034393 ] } },
{ "type": "Feature", "properties": { "detid": "200", "flow": 0.70161290322580649, "k_correct": 0.12962219014013918, "length": 0.39750417614872502, "pos": 0.38074337387820201, "fclass": "primary", "road": "Pont Saint-Michel", "limit": "50", "citycode": "toulouse", "lanes": 3.0, "linkid": 160.0, "long": 1.435073, "lat": 43.5926112, "osmid": "200", "x": 1.435073, "y": 43.5926112 }, "geometry": { "type": "Point", "coordinates": [ 1.435073, 43.5926112 ] } },
{ "type": "Feature", "properties": { "detid": "302", "flow": 0.23387096774193547, "k_correct": 0.067789817207023678, "length": 0.173918268729882, "pos": 0.167593855678902, "fclass": "tertiary", "road": "Avenue de Muret", "limit": "30", "citycode": "toulouse", "lanes": 1.0, "linkid": 157.0, "long": 1.431047, "lat": 43.5884878, "osmid": "302", "x": 1.431047, "y": 43.5884878 }, "geometry": { "type": "Point", "coordinates": [ 1.431047, 43.5884878 ] } },
{ "type": "Feature", "properties": { "detid": "330", "flow": 0.12096774193548387, "k_correct": 0.016168923672932607, "length": 0.47570677442169201, "pos": 0.46050659923183002, "fclass": "tertiary", "road": "Rue des Arcs Saint-Cyprien", "limit": "50", "citycode": "toulouse", "lanes": 1.0, "linkid": 155.0, "long": 1.4283165, "lat": 43.5929142, "osmid": "330", "x": 1.4283165, "y": 43.5929142 }, "geometry": { "type": "Point", "coordinates": [ 1.4283165, 43.59291420000001 ] } },
{ "type": "Feature", "properties": { "detid": "324", "flow": 0.13709677419354838, "k_correct": 0.041724609698269764, "length": 0.14797280118490999, "pos": 0.13992143382226599, "fclass": "tertiary", "road": "Rue de Cugnaux", "limit": "30", "citycode": "toulouse", "lanes": 1.0, "linkid": 88.0, "long": 1.4265878, "lat": 43.5940147, "osmid": "324", "x": 1.4265878, "y": 43.5940147 }, "geometry": { "type": "Point", "coordinates": [ 1.4265878, 43.594014699999988 ] } },
{ "type": "Feature", "properties": { "detid": "1124", "flow": 0.18548387096774194, "k_correct": 0.068351969458480363, "length": 0.329269350708847, "pos": 0.32323589069464298, "fclass": "tertiary", "road": "Rue de Cugnaux", "limit": "30", "citycode": "toulouse", "lanes": 1.0, "linkid": 86.0, "long": 1.4283407, "lat": 43.5946256, "osmid": "1124", "x": 1.4283407, "y": 43.5946256 }, "geometry": { "type": "Point", "coordinates": [ 1.4283407, 43.5946256 ] } },
{ "type": "Feature", "properties": { "detid": "1125", "flow": 0.12096774193548387, "k_correct": 0.0092130785359345428, "length": 0.65587683009957698, "pos": 0.62657039571933903, "fclass": "tertiary", "road": "Rue de Cugnaux", "limit": "50", "citycode": "toulouse", "lanes": 1.0, "linkid": 91.0, "long": 1.4195833, "lat": 43.5913912, "osmid": "1125", "x": 1.4195833, "y": 43.5913912 }, "geometry": { "type": "Point", "coordinates": [ 1.4195833, 43.5913912 ] } },
{ "type": "Feature", "properties": { "detid": "1075", "flow": 0.20161290322580644, "k_correct": 0.019879164387273277, "length": 0.64151455695031001, "pos": 0.53689444689018395, "fclass": "tertiary", "road": "Rue des Arcs Saint-Cyprien", "limit": "50", "citycode": "toulouse", "lanes": 1.0, "linkid": 153.0, "long": 1.4231157, "lat": 43.5900857, "osmid": "1075", "x": 1.4231157, "y": 43.5900857 }, "geometry": { "type": "Point", "coordinates": [ 1.4231157, 43.5900857 ] } },
{ "type": "Feature", "properties": { "detid": "310", "flow": 0.45967741935483869, "k_correct": 0.072500155151225959, "length": 0.17817287750209099, "pos": 0.151833429915295, "fclass": "secondary", "road": "Route de Saint-Simon", "limit": "50", "citycode": "toulouse", "lanes": 2.0, "linkid": 94.0, "long": 1.4170378, "lat": 43.5905481, "osmid": "310", "x": 1.4170378, "y": 43.5905481 }, "geometry": { "type": "Point", "coordinates": [ 1.4170378, 43.5905481 ] } },
{ "type": "Feature", "properties": { "detid": "53", "flow": 0.33870967741935482, "k_correct": 0.037127860329759683, "length": 0.13681875394740201, "pos": 0.10254152135962601, "fclass": "secondary", "road": "Boulevard Déodat de Séverac", "limit": "50", "citycode": "toulouse", "lanes": 2.0, "linkid": 151.0, "long": 1.4230084, "lat": 43.588718, "osmid": "53", "x": 1.4230084, "y": 43.588718 }, "geometry": { "type": "Point", "coordinates": [ 1.4230084, 43.588718 ] } },
{ "type": "Feature", "properties": { "detid": "54", "flow": 0.31048387096774194, "k_correct": 0.040880647407229062, "length": 0.125587157105988, "pos": 0.115942867848224, "fclass": "secondary", "road": "Boulevard Déodat de Séverac", "limit": "50", "citycode": "toulouse", "lanes": 2.0, "linkid": 149.0, "long": 1.4235583, "lat": 43.5883217, "osmid": "54", "x": 1.4235583, "y": 43.5883217 }, "geometry": { "type": "Point", "coordinates": [ 1.4235583, 43.5883217 ] } },
{ "type": "Feature", "properties": { "detid": "119", "flow": 0.31048387096774194, "k_correct": 0.068950092900634988, "length": 0.33584189941764597, "pos": 0.32765704502211501, "fclass": "secondary", "road": "Route de Saint-Simon", "limit": "50", "citycode": "toulouse", "lanes": 1.0, "linkid": 101.0, "long": 1.4044543, "lat": 43.585935, "osmid": "119", "x": 1.4044543, "y": 43.585935 }, "geometry": { "type": "Point", "coordinates": [ 1.4044543, 43.585935 ] } },
{ "type": "Feature", "properties": { "detid": "321", "flow": 0.34677419354838712, "k_correct": 0.082188951533841023, "length": 0.092362589470393996, "pos": 0.084792497877440004, "fclass": "secondary", "road": "Route de Saint-Simon", "limit": "50", "citycode": "toulouse", "lanes": 2.0, "linkid": 96.0, "long": 1.4073108, "lat": 43.5868442, "osmid": "321", "x": 1.4073108, "y": 43.5868442 }, "geometry": { "type": "Point", "coordinates": [ 1.4073108, 43.5868442 ] } },
{ "type": "Feature", "properties": { "detid": "292", "flow": 0.41935483870967744, "k_correct": 0.03800810346807168, "length": 0.214412263464904, "pos": 0.20683601604930699, "fclass": "secondary", "road": "Route de Saint-Simon", "limit": "50", "citycode": "toulouse", "lanes": 2.0, "linkid": 95.0, "long": 1.4109774, "lat": 43.5881896, "osmid": "292", "x": 1.4109774, "y": 43.5881896 }, "geometry": { "type": "Point", "coordinates": [ 1.4109774, 43.5881896 ] } },
{ "type": "Feature", "properties": { "detid": "1317", "flow": 0.34677419354838712, "k_correct": 0.033544405641298319, "length": 0.20943111239658399, "pos": 0.19723889381932999, "fclass": "tertiary", "road": "Rue Henri Desbals", "limit": "0", "citycode": "toulouse", "lanes": 2.0, "linkid": 105.0, "long": 1.408955, "lat": 43.5779582, "osmid": "1317", "x": 1.408955, "y": 43.5779582 }, "geometry": { "type": "Point", "coordinates": [ 1.408955, 43.5779582 ] } },
{ "type": "Feature", "properties": { "detid": "327", "flow": 0.46774193548387094, "k_correct": 0.015953140956540251, "length": 0.386661268220239, "pos": 0.131394418527019, "fclass": "primary", "road": "Route d'Espagne", "limit": "50", "citycode": "toulouse", "lanes": 2.0, "linkid": 122.0, "long": 1.4242905, "lat": 43.5580693, "osmid": "327", "x": 1.4242905, "y": 43.5580693 }, "geometry": { "type": "Point", "coordinates": [ 1.4242905, 43.5580693 ] } },
{ "type": "Feature", "properties": { "detid": "328", "flow": 0.24596774193548387, "k_correct": 0.020598694742745526, "length": 0.74309618830916901, "pos": 0.65830134186871703, "fclass": "primary", "road": "Route d'Espagne", "limit": "50", "citycode": "toulouse", "lanes": 2.0, "linkid": 121.0, "long": 1.4230433, "lat": 43.5547434, "osmid": "328", "x": 1.4230433, "y": 43.5547434 }, "geometry": { "type": "Point", "coordinates": [ 1.4230433, 43.5547434 ] } },
{ "type": "Feature", "properties": { "detid": "307", "flow": 0.25806451612903225, "k_correct": 0.050275202681806415, "length": 0.22919208371338201, "pos": 0.21203173464113301, "fclass": "tertiary", "road": "Rue Henri Desbals", "limit": "0", "citycode": "toulouse", "lanes": 1.0, "linkid": 104.0, "long": 1.4109398, "lat": 43.5790851, "osmid": "307", "x": 1.4109398, "y": 43.5790851 }, "geometry": { "type": "Point", "coordinates": [ 1.4109398, 43.5790851 ] } },
{ "type": "Feature", "properties": { "detid": "445", "flow": 0.20161290322580644, "k_correct": 0.057005362631231633, "length": 0.16711244824190399, "pos": 0.15661900308547699, "fclass": "secondary", "road": "Route de Seysses", "limit": "50", "citycode": "toulouse", "lanes": 1.0, "linkid": 131.0, "long": 1.4209512, "lat": 43.5755875, "osmid": "445", "x": 1.4209512, "y": 43.5755875 }, "geometry": { "type": "Point", "coordinates": [ 1.4209512, 43.5755875 ] } },
{ "type": "Feature", "properties": { "detid": "306", "flow": 0.23387096774193547, "k_correct": 0.14373480410600517, "length": 0.085015381691378997, "pos": 0.078633410348931995, "fclass": "tertiary", "road": "Rue Henri Desbals", "limit": "0", "citycode": "toulouse", "lanes": 1.0, "linkid": 106.0, "long": 1.4113328, "lat": 43.5792017, "osmid": "306", "x": 1.4113328, "y": 43.5792017 }, "geometry": { "type": "Point", "coordinates": [ 1.4113328, 43.5792017 ] } },
{ "type": "Feature", "properties": { "detid": "15", "flow": 0.21774193548387097, "k_correct": 0.072759799142807849, "length": 0.14798056537774201, "pos": 0.13477283539795701, "fclass": "tertiary", "road": "Rue Henri Desbals", "limit": "0", "citycode": "toulouse", "lanes": 1.0, "linkid": 108.0, "long": 1.4124687, "lat": 43.580182, "osmid": "15", "x": 1.4124687, "y": 43.580182 }, "geometry": { "type": "Point", "coordinates": [ 1.4124687, 43.580182 ] } },
{ "type": "Feature", "properties": { "detid": "1087", "flow": 0.23387096774193547, "k_correct": 0.096084703516773756, "length": 0.14791211683931499, "pos": 0.134041817640384, "fclass": "tertiary", "road": "Rue Henri Desbals", "limit": "0", "citycode": "toulouse", "lanes": 1.0, "linkid": 109.0, "long": 1.4132934, "lat": 43.5811875, "osmid": "1087", "x": 1.4132934, "y": 43.5811875 }, "geometry": { "type": "Point", "coordinates": [ 1.4132934, 43.5811875 ] } },
{ "type": "Feature", "properties": { "detid": "16", "flow": 0.28225806451612906, "k_correct": 0.15663387417491689, "length": 0.120891373261152, "pos": 0.102547282863813, "fclass": "tertiary", "road": "Rue Henri Desbals", "limit": "0", "citycode": "toulouse", "lanes": 1.0, "linkid": 107.0, "long": 1.4122555, "lat": 43.580013, "osmid": "16", "x": 1.4122555, "y": 43.580013 }, "geometry": { "type": "Point", "coordinates": [ 1.4122555, 43.580013 ] } },
{ "type": "Feature", "properties": { "detid": "1086", "flow": 0.14516129032258066, "k_correct": 0.031038755840118035, "length": 0.22405939768272701, "pos": 0.20624009155463599, "fclass": "tertiary", "road": "Rue Henri Desbals", "limit": "0", "citycode": "toulouse", "lanes": 1.0, "linkid": 111.0, "long": 1.4136194, "lat": 43.5814809, "osmid": "1086", "x": 1.4136194, "y": 43.5814809 }, "geometry": { "type": "Point", "coordinates": [ 1.4136194, 43.5814809 ] } },
{ "type": "Feature", "properties": { "detid": "367", "flow": 0.13709677419354838, "k_correct": 0.042955406166169462, "length": 0.168188819287827, "pos": 0.158135246102421, "fclass": "secondary", "road": "Route d'Espagne", "limit": "50", "citycode": "toulouse", "lanes": 1.0, "linkid": 125.0, "long": 1.4241323, "lat": 43.5753272, "osmid": "367", "x": 1.4241323, "y": 43.5753272 }, "geometry": { "type": "Point", "coordinates": [ 1.4241323, 43.5753272 ] } },
{ "type": "Feature", "properties": { "detid": "359", "flow": 0.19354838709677419, "k_correct": 0.056305635111452257, "length": 0.16902499875395499, "pos": 0.15800743620834701, "fclass": "secondary", "road": "Route d'Espagne", "limit": "50", "citycode": "toulouse", "lanes": 1.0, "linkid": 126.0, "long": 1.4238963, "lat": 43.5765397, "osmid": "359", "x": 1.4238963, "y": 43.5765397 }, "geometry": { "type": "Point", "coordinates": [ 1.4238963, 43.5765397 ] } },
{ "type": "Feature", "properties": { "detid": "366", "flow": 0.22983870967741934, "k_correct": 0.046787480154148763, "length": 0.22243363169419, "pos": 0.208840969559585, "fclass": "secondary", "road": "Route d'Espagne", "limit": "50", "citycode": "toulouse", "lanes": 1.0, "linkid": 127.0, "long": 1.424033, "lat": 43.5749852, "osmid": "366", "x": 1.424033, "y": 43.5749852 }, "geometry": { "type": "Point", "coordinates": [ 1.424033, 43.5749852 ] } },
{ "type": "Feature", "properties": { "detid": "358", "flow": 0.12096774193548387, "k_correct": 0.030320904892879443, "length": 0.29145503683007701, "pos": 0.28272360980017502, "fclass": "secondary", "road": "Route d'Espagne", "limit": "50", "citycode": "toulouse", "lanes": 1.0, "linkid": 128.0, "long": 1.4240183, "lat": 43.5766728, "osmid": "358", "x": 1.4240183, "y": 43.5766728 }, "geometry": { "type": "Point", "coordinates": [ 1.4240183, 43.5766728 ] } },
{ "type": "Feature", "properties": { "detid": "1118", "flow": 0.23387096774193547, "k_correct": 0.099708437770285985, "length": 0.087867742533136006, "pos": 0.081740654646480004, "fclass": "secondary", "road": "Avenue de Muret", "limit": "50", "citycode": "toulouse", "lanes": 1.0, "linkid": 137.0, "long": 1.4244448, "lat": 43.5803539, "osmid": "1118", "x": 1.4244448, "y": 43.5803539 }, "geometry": { "type": "Point", "coordinates": [ 1.4244448, 43.5803539 ] } },
{ "type": "Feature", "properties": { "detid": "446", "flow": 0.24193548387096775, "k_correct": 0.053255920474032242, "length": 0.19766527797147501, "pos": 0.182683962332055, "fclass": "secondary", "road": "Route de Seysses", "limit": "50", "citycode": "toulouse", "lanes": 1.0, "linkid": 130.0, "long": 1.4208225, "lat": 43.5755098, "osmid": "446", "x": 1.4208225, "y": 43.5755098 }, "geometry": { "type": "Point", "coordinates": [ 1.4208225, 43.5755098 ] } },
{ "type": "Feature", "properties": { "detid": "1410", "flow": 0.30645161290322581, "k_correct": 0.1182587308686245, "length": 0.093282435011543, "pos": 0.082803061251184001, "fclass": "secondary", "road": "Avenue de Muret", "limit": "50", "citycode": "toulouse", "lanes": 1.0, "linkid": 136.0, "long": 1.4248873, "lat": 43.5809912, "osmid": "1410", "x": 1.4248873, "y": 43.5809912 }, "geometry": { "type": "Point", "coordinates": [ 1.4248873, 43.5809912 ] } },
{ "type": "Feature", "properties": { "detid": "291", "flow": 0.30645161290322581, "k_correct": 0.15764356541112148, "length": 0.063603589853180001, "pos": 0.057845097902147001, "fclass": "secondary", "road": "Avenue de Muret", "limit": "50", "citycode": "toulouse", "lanes": 1.0, "linkid": 135.0, "long": 1.4243335, "lat": 43.5803092, "osmid": "291", "x": 1.4243335, "y": 43.5803092 }, "geometry": { "type": "Point", "coordinates": [ 1.4243335, 43.5803092 ] } },
{ "type": "Feature", "properties": { "detid": "1411", "flow": 0.23387096774193547, "k_correct": 0.14640749227647337, "length": 0.091105114474196003, "pos": 0.076769121187256997, "fclass": "secondary", "road": "Avenue de Muret", "limit": "50", "citycode": "toulouse", "lanes": 1.0, "linkid": 139.0, "long": 1.4251515, "lat": 43.5812089, "osmid": "1411", "x": 1.4251515, "y": 43.5812089 }, "geometry": { "type": "Point", "coordinates": [ 1.4251515, 43.5812089 ] } },
{ "type": "Feature", "properties": { "detid": "1117", "flow": 0.2661290322580645, "k_correct": 0.15798965939402068, "length": 0.091676571789115993, "pos": 0.083012615896431996, "fclass": "secondary", "road": "Avenue de Muret", "limit": "50", "citycode": "toulouse", "lanes": 1.0, "linkid": 140.0, "long": 1.4259026, "lat": 43.582124, "osmid": "1117", "x": 1.4259026, "y": 43.582124 }, "geometry": { "type": "Point", "coordinates": [ 1.4259026, 43.582124 ] } },
{ "type": "Feature", "properties": { "detid": "298", "flow": 0.24193548387096775, "k_correct": 0.03137112305567348, "length": 0.25371716857468701, "pos": 0.24826982490775301, "fclass": "secondary", "road": "Avenue de Muret", "limit": "50", "citycode": "toulouse", "lanes": 1.0, "linkid": 143.0, "long": 1.4266254, "lat": 43.5829731, "osmid": "298", "x": 1.4266254, "y": 43.5829731 }, "geometry": { "type": "Point", "coordinates": [ 1.4266254, 43.5829731 ] } },
{ "type": "Feature", "properties": { "detid": "1068", "flow": 0.52419354838709675, "k_correct": 0.099863634672005319, "length": 0.444556771610638, "pos": 0.43125142020810803, "fclass": "primary", "road": "Avenue du Maréchal de Lattre de Tassigny", "limit": "50", "citycode": "toulouse", "lanes": 2.0, "linkid": 361.0, "long": 1.4364798, "lat": 43.5775909, "osmid": "1068", "x": 1.4364798, "y": 43.5775909 }, "geometry": { "type": "Point", "coordinates": [ 1.4364798, 43.5775909 ] } },
{ "type": "Feature", "properties": { "detid": "322", "flow": 0.33064516129032256, "k_correct": 0.05488184240885758, "length": 0.115370005646574, "pos": 0.108475047574228, "fclass": "secondary", "road": "Boulevard Déodat de Séverac", "limit": "50", "citycode": "toulouse", "lanes": 2.0, "linkid": 148.0, "long": 1.4260031, "lat": 43.5867393, "osmid": "322", "x": 1.4260031, "y": 43.5867393 }, "geometry": { "type": "Point", "coordinates": [ 1.4260031, 43.586739299999984 ] } },
{ "type": "Feature", "properties": { "detid": "391", "flow": 0.23387096774193547, "k_correct": 0.0, "length": 0.237520628344005, "pos": 0.21676372413175299, "fclass": "tertiary", "road": "Avenue de Muret", "limit": "30", "citycode": "toulouse", "lanes": 2.0, "linkid": 159.0, "long": 1.4287028, "lat": 43.5855027, "osmid": "391", "x": 1.4287028, "y": 43.5855027 }, "geometry": { "type": "Point", "coordinates": [ 1.4287028, 43.5855027 ] } },
{ "type": "Feature", "properties": { "detid": "411", "flow": 0.11290322580645161, "k_correct": 0.022500518026836187, "length": 0.33605268321751602, "pos": 0.181569119932558, "fclass": "tertiary", "road": "Allée Henri Sellier", "limit": "30", "citycode": "toulouse", "lanes": 1.0, "linkid": 358.0, "long": 1.4384633, "lat": 43.5772353, "osmid": "411", "x": 1.4384633, "y": 43.5772353 }, "geometry": { "type": "Point", "coordinates": [ 1.4384633, 43.5772353 ] } },
{ "type": "Feature", "properties": { "detid": "419", "flow": 0.31451612903225806, "k_correct": 0.026078737639063911, "length": 0.22286563196395701, "pos": 0.211136630543906, "fclass": "secondary", "road": "Boulevard Déodat de Séverac", "limit": "50", "citycode": "toulouse", "lanes": 2.0, "linkid": 146.0, "long": 1.4262224, "lat": 43.5865611, "osmid": "419", "x": 1.4262224, "y": 43.5865611 }, "geometry": { "type": "Point", "coordinates": [ 1.4262224, 43.5865611 ] } },
{ "type": "Feature", "properties": { "detid": "55", "flow": 0.33064516129032256, "k_correct": 0.037169395337116072, "length": 0.218693538868351, "pos": 0.20881241743616399, "fclass": "secondary", "road": "Boulevard des Récollets", "limit": "50", "citycode": "toulouse", "lanes": 2.0, "linkid": 351.0, "long": 1.4399225, "lat": 43.5840592, "osmid": "55", "x": 1.4399225, "y": 43.5840592 }, "geometry": { "type": "Point", "coordinates": [ 1.4399225, 43.5840592 ] } },
{ "type": "Feature", "properties": { "detid": "56", "flow": 0.33870967741935482, "k_correct": 0.022533847196959351, "length": 0.87887040761940005, "pos": 0.85364840674440701, "fclass": "secondary", "road": "Pont du Garigliano", "limit": "50", "citycode": "toulouse", "lanes": 2.0, "linkid": 145.0, "long": 1.4389314, "lat": 43.5841544, "osmid": "56", "x": 1.4389314, "y": 43.5841544 }, "geometry": { "type": "Point", "coordinates": [ 1.4389314, 43.5841544 ] } },
{ "type": "Feature", "properties": { "detid": "297", "flow": 0.29032258064516131, "k_correct": 0.22720124422437235, "length": 0.094022629497535995, "pos": 0.081884344298331996, "fclass": "secondary", "road": "Avenue de Muret", "limit": "50", "citycode": "toulouse", "lanes": 1.0, "linkid": 141.0, "long": 1.4263612, "lat": 43.5827739, "osmid": "297", "x": 1.4263612, "y": 43.5827739 }, "geometry": { "type": "Point", "coordinates": [ 1.4263612, 43.5827739 ] } },
{ "type": "Feature", "properties": { "detid": "1120", "flow": 0.33064516129032256, "k_correct": 0.21129962235111055, "length": 0.085002237774841005, "pos": 0.076182810030817005, "fclass": "secondary", "road": "Avenue de Muret", "limit": "50", "citycode": "toulouse", "lanes": 1.0, "linkid": 138.0, "long": 1.42557, "lat": 43.5817937, "osmid": "1120", "x": 1.42557, "y": 43.5817937 }, "geometry": { "type": "Point", "coordinates": [ 1.42557, 43.5817937 ] } },
{ "type": "Feature", "properties": { "detid": "392", "flow": 0.20967741935483872, "k_correct": 0.048919084965048883, "length": 0.256335556445422, "pos": 0.23885925982818099, "fclass": "secondary", "road": "Avenue de Muret", "limit": "50", "citycode": "toulouse", "lanes": 1.0, "linkid": 142.0, "long": 1.4280429, "lat": 43.584845, "osmid": "392", "x": 1.4280429, "y": 43.584845 }, "geometry": { "type": "Point", "coordinates": [ 1.4280429, 43.584845 ] } },
{ "type": "Feature", "properties": { "detid": "308", "flow": 0.17741935483870969, "k_correct": 0.059192345829439698, "length": 0.16140432130424801, "pos": 0.102303695603242, "fclass": "tertiary", "road": "Rue des Arcs Saint-Cyprien", "limit": "50", "citycode": "toulouse", "lanes": 1.0, "linkid": 154.0, "long": 1.4230755, "lat": 43.5901032, "osmid": "308", "x": 1.4230755, "y": 43.5901032 }, "geometry": { "type": "Point", "coordinates": [ 1.4230755, 43.5901032 ] } },
{ "type": "Feature", "properties": { "detid": "299", "flow": 0.2661290322580645, "k_correct": 0.054047553557299483, "length": 0.136505445808834, "pos": 0.130890713099165, "fclass": "tertiary", "road": "Avenue de Muret", "limit": "30", "citycode": "toulouse", "lanes": 2.0, "linkid": 156.0, "long": 1.4312536, "lat": 43.5885568, "osmid": "299", "x": 1.4312536, "y": 43.5885568 }, "geometry": { "type": "Point", "coordinates": [ 1.4312536, 43.5885568 ] } },
{ "type": "Feature", "properties": { "detid": "430", "flow": 0.375, "k_correct": 0.035646917956213588, "length": 0.198553680447276, "pos": 0.064243716477541998, "fclass": "primary", "road": "Allées Charles de Fitte", "limit": "50", "citycode": "toulouse", "lanes": 3.0, "linkid": 83.0, "long": 1.4336944, "lat": 43.5939924, "osmid": "430", "x": 1.4336944, "y": 43.5939924 }, "geometry": { "type": "Point", "coordinates": [ 1.4336944, 43.5939924 ] } },
{ "type": "Feature", "properties": { "detid": "290", "flow": 0.24596774193548387, "k_correct": 0.025454579431172457, "length": 0.227458192030768, "pos": 0.20974817529187401, "fclass": "tertiary", "road": "Avenue de Muret", "limit": "30", "citycode": "toulouse", "lanes": 1.0, "linkid": 158.0, "long": 1.4298561, "lat": 43.5870628, "osmid": "290", "x": 1.4298561, "y": 43.5870628 }, "geometry": { "type": "Point", "coordinates": [ 1.4298561, 43.5870628 ] } },
{ "type": "Feature", "properties": { "detid": "101", "flow": 0.7661290322580645, "k_correct": 0.11599568343321186, "length": 0.066520677656638993, "pos": 0.052709613554172002, "fclass": "primary", "road": "Pont Saint-Michel", "limit": "50", "citycode": "toulouse", "lanes": 3.0, "linkid": 164.0, "long": 1.4401826, "lat": 43.592176, "osmid": "101", "x": 1.4401826, "y": 43.592176 }, "geometry": { "type": "Point", "coordinates": [ 1.4401826, 43.592176 ] } },
{ "type": "Feature", "properties": { "detid": "104", "flow": 0.49193548387096775, "k_correct": 0.10368783482574025, "length": 0.39729811032708201, "pos": 0.38402355884339201, "fclass": "primary", "road": "Pont Saint-Michel", "limit": "50", "citycode": "toulouse", "lanes": 3.0, "linkid": 161.0, "long": 1.4396355, "lat": 43.5923373, "osmid": "104", "x": 1.4396355, "y": 43.5923373 }, "geometry": { "type": "Point", "coordinates": [ 1.4396355, 43.5923373 ] } },
{ "type": "Feature", "properties": { "detid": "159", "flow": 0.32258064516129031, "k_correct": 0.16339463007249314, "length": 0.143334895432737, "pos": 0.094062768362804999, "fclass": "tertiary", "road": "Rue de Metz", "limit": "30", "citycode": "toulouse", "lanes": 2.0, "linkid": 167.0, "long": 1.4450213, "lat": 43.6004569, "osmid": "159", "x": 1.4450213, "y": 43.6004569 }, "geometry": { "type": "Point", "coordinates": [ 1.4450213, 43.6004569 ] } },
{ "type": "Feature", "properties": { "detid": "173", "flow": 0.27419354838709675, "k_correct": 0.035840742023255455, "length": 0.197607535160016, "pos": 0.152442299578565, "fclass": "primary", "road": "Allée Forain François Verdier", "limit": "50", "citycode": "toulouse", "lanes": 2.0, "linkid": 385.0, "long": 1.4526978, "lat": 43.5971548, "osmid": "173", "x": 1.4526978, "y": 43.5971548 }, "geometry": { "type": "Point", "coordinates": [ 1.4526978, 43.5971548 ] } },
{ "type": "Feature", "properties": { "detid": "196", "flow": 0.45967741935483869, "k_correct": 0.097328030400363377, "length": 0.33660131894880502, "pos": 0.31579578575933998, "fclass": "primary", "road": "Boulevard du Maréchal Juin", "limit": "50", "citycode": "toulouse", "lanes": 2.0, "linkid": 365.0, "long": 1.4401209, "lat": 43.5886442, "osmid": "196", "x": 1.4401209, "y": 43.5886442 }, "geometry": { "type": "Point", "coordinates": [ 1.4401209, 43.5886442 ] } },
{ "type": "Feature", "properties": { "detid": "197", "flow": 0.4838709677419355, "k_correct": 0.032729206186682076, "length": 0.24454419163941801, "pos": 0.23236859710066701, "fclass": "primary", "road": "Boulevard du Maréchal Juin", "limit": "50", "citycode": "toulouse", "lanes": 2.0, "linkid": 363.0, "long": 1.4395899, "lat": 43.5881974, "osmid": "197", "x": 1.4395899, "y": 43.5881974 }, "geometry": { "type": "Point", "coordinates": [ 1.4395899, 43.5881974 ] } },
{ "type": "Feature", "properties": { "detid": "61", "flow": 0.4838709677419355, "k_correct": 0.019757732994592478, "length": 0.46691644182195302, "pos": 0.123960473339414, "fclass": "primary", "road": "Boulevard Riquet", "limit": "50", "citycode": "toulouse", "lanes": 2.0, "linkid": 328.0, "long": 1.4566058, "lat": 43.603819, "osmid": "61", "x": 1.4566058, "y": 43.603819 }, "geometry": { "type": "Point", "coordinates": [ 1.4566058, 43.603819 ] } },
{ "type": "Feature", "properties": { "detid": "187", "flow": 0.54838709677419351, "k_correct": 0.14063778747343539, "length": 0.071038890198364998, "pos": 0.060850808815540003, "fclass": "primary", "road": "Pont Saint-Michel", "limit": "50", "citycode": "toulouse", "lanes": 3.0, "linkid": 165.0, "long": 1.4408961, "lat": 43.5922382, "osmid": "187", "x": 1.4408961, "y": 43.5922382 }, "geometry": { "type": "Point", "coordinates": [ 1.4408961, 43.5922382 ] } },
{ "type": "Feature", "properties": { "detid": "161", "flow": 0.27419354838709675, "k_correct": 0.14604567928228032, "length": 0.15981627595230299, "pos": 0.14054819262481399, "fclass": "tertiary", "road": "Rue de Metz", "limit": "30", "citycode": "toulouse", "lanes": 1.0, "linkid": 169.0, "long": 1.4423847, "lat": 43.6000742, "osmid": "161", "x": 1.4423847, "y": 43.6000742 }, "geometry": { "type": "Point", "coordinates": [ 1.4423847, 43.6000742 ] } },
{ "type": "Feature", "properties": { "detid": "632", "flow": 0.79838709677419351, "k_correct": 0.15505248303613151, "length": 0.40190242145646399, "pos": 0.34502540441759899, "fclass": "secondary", "road": "Allée de Brienne", "limit": "50", "citycode": "toulouse", "lanes": 2.0, "linkid": 174.0, "long": 1.4243147, "lat": 43.6083579, "osmid": "632", "x": 1.4243147, "y": 43.6083579 }, "geometry": { "type": "Point", "coordinates": [ 1.4243147, 43.6083579 ] } },
{ "type": "Feature", "properties": { "detid": "108", "flow": 0.33064516129032256, "k_correct": 0.076695756560760928, "length": 0.33861709108443, "pos": 0.31645190948327401, "fclass": "secondary", "road": "Boulevard du Maréchal Leclerc", "limit": "50", "citycode": "toulouse", "lanes": 2.0, "linkid": 562.0, "long": 1.4306192, "lat": 43.6069071, "osmid": "108", "x": 1.4306192, "y": 43.6069071 }, "geometry": { "type": "Point", "coordinates": [ 1.4306192, 43.6069071 ] } },
{ "type": "Feature", "properties": { "detid": "277", "flow": 0.32258064516129031, "k_correct": 0.03926854013295699, "length": 0.182248909350684, "pos": 0.165076523266801, "fclass": "secondary", "road": "Boulevard de Suisse", "limit": "50", "citycode": "toulouse", "lanes": 2.0, "linkid": 525.0, "long": 1.424139, "lat": 43.6203095, "osmid": "277", "x": 1.424139, "y": 43.6203095 }, "geometry": { "type": "Point", "coordinates": [ 1.424139, 43.6203095 ] } },
{ "type": "Feature", "properties": { "detid": "278", "flow": 0.24193548387096775, "k_correct": 0.047698358856953095, "length": 0.26229214845594301, "pos": 0.23915078497692099, "fclass": "secondary", "road": "Boulevard de Suisse", "limit": "50", "citycode": "toulouse", "lanes": 1.0, "linkid": 528.0, "long": 1.4237675, "lat": 43.6198493, "osmid": "278", "x": 1.4237675, "y": 43.6198493 }, "geometry": { "type": "Point", "coordinates": [ 1.4237675, 43.6198493 ] } },
{ "type": "Feature", "properties": { "detid": "413", "flow": 0.5161290322580645, "k_correct": 0.023644710230418496, "length": 0.40318898988509899, "pos": 0.172942431556772, "fclass": "primary", "road": "Boulevard de la Marquette", "limit": "50", "citycode": "toulouse", "lanes": 3.0, "linkid": 175.0, "long": 1.4229749, "lat": 43.6115167, "osmid": "413", "x": 1.4229749, "y": 43.6115167 }, "geometry": { "type": "Point", "coordinates": [ 1.4229749, 43.6115167 ] } },
{ "type": "Feature", "properties": { "detid": "137", "flow": 0.65322580645161288, "k_correct": 0.032126447007419678, "length": 0.40386489366169398, "pos": 0.23646584911781399, "fclass": "primary", "road": "Boulevard de l'Embouchure", "limit": "50", "citycode": "toulouse", "lanes": 3.0, "linkid": 548.0, "long": 1.4230219, "lat": 43.6119779, "osmid": "137", "x": 1.4230219, "y": 43.6119779 }, "geometry": { "type": "Point", "coordinates": [ 1.4230219, 43.6119779 ] } },
{ "type": "Feature", "properties": { "detid": "118", "flow": 0.70161290322580649, "k_correct": 0.21888021455829576, "length": 0.092387167736117007, "pos": 0.084247095054055005, "fclass": "primary", "road": "Boulevard de l'Embouchure", "limit": "50", "citycode": "toulouse", "lanes": 2.0, "linkid": 546.0, "long": 1.4331391, "lat": 43.6149267, "osmid": "118", "x": 1.4331391, "y": 43.6149267 }, "geometry": { "type": "Point", "coordinates": [ 1.4331391, 43.6149267 ] } },
{ "type": "Feature", "properties": { "detid": "1430", "flow": 0.532258064516129, "k_correct": 0.11545477054393802, "length": 0.13363961245004999, "pos": 0.102492438789531, "fclass": "primary", "road": "Avenue des Minimes", "limit": "50", "citycode": "toulouse", "lanes": 2.0, "linkid": 538.0, "long": 1.4368969, "lat": 43.6173822, "osmid": "1430", "x": 1.4368969, "y": 43.6173822 }, "geometry": { "type": "Point", "coordinates": [ 1.4368969, 43.6173822 ] } },
{ "type": "Feature", "properties": { "detid": "461", "flow": 0.65322580645161288, "k_correct": 0.091625153818606253, "length": 0.130942685658061, "pos": 0.12466691311379501, "fclass": "primary", "road": "Boulevard des Minimes", "limit": "50", "citycode": "toulouse", "lanes": 3.0, "linkid": 540.0, "long": 1.4425054, "lat": 43.6154113, "osmid": "461", "x": 1.4425054, "y": 43.6154113 }, "geometry": { "type": "Point", "coordinates": [ 1.4425054, 43.6154113 ] } },
{ "type": "Feature", "properties": { "detid": "47", "flow": 0.27419354838709675, "k_correct": 0.070175966963136438, "length": 0.21430914604118301, "pos": 0.20565453725256899, "fclass": "primary", "road": "Avenue Honoré Serres", "limit": "50", "citycode": "toulouse", "lanes": 1.0, "linkid": 552.0, "long": 1.4380342, "lat": 43.6136004, "osmid": "47", "x": 1.4380342, "y": 43.6136004 }, "geometry": { "type": "Point", "coordinates": [ 1.4380342, 43.6136004 ] } },
{ "type": "Feature", "properties": { "detid": "163", "flow": 0.29838709677419356, "k_correct": 0.081698868095804913, "length": 0.13269384019889299, "pos": 0.122925340112467, "fclass": "secondary", "road": "Boulevard Pierre et Marie Curie", "limit": "50", "citycode": "toulouse", "lanes": 1.0, "linkid": 498.0, "long": 1.4426664, "lat": 43.6248519, "osmid": "163", "x": 1.4426664, "y": 43.6248519 }, "geometry": { "type": "Point", "coordinates": [ 1.4426664, 43.6248519 ] } },
{ "type": "Feature", "properties": { "detid": "164", "flow": 0.24193548387096775, "k_correct": 0.026607429638690373, "length": 0.25563784051690303, "pos": 0.239376625172975, "fclass": "secondary", "road": "Boulevard Pierre et Marie Curie", "limit": "50", "citycode": "toulouse", "lanes": 1.0, "linkid": 497.0, "long": 1.4431666, "lat": 43.6246617, "osmid": "164", "x": 1.4431666, "y": 43.6246617 }, "geometry": { "type": "Point", "coordinates": [ 1.4431666, 43.6246617 ] } },
{ "type": "Feature", "properties": { "detid": "282", "flow": 0.13306451612903225, "k_correct": 0.019042537953386857, "length": 0.46401782447213102, "pos": 0.45343075693034002, "fclass": "tertiary", "road": "Rue de Négreneys", "limit": "50", "citycode": "toulouse", "lanes": 1.0, "linkid": 539.0, "long": 1.4411777, "lat": 43.6200774, "osmid": "282", "x": 1.4411777, "y": 43.6200774 }, "geometry": { "type": "Point", "coordinates": [ 1.4411777, 43.6200774 ] } },
{ "type": "Feature", "properties": { "detid": "457", "flow": 0.77419354838709675, "k_correct": 0.096470903446852801, "length": 0.23802407997361799, "pos": 0.13631708155157499, "fclass": "primary", "road": "Boulevard des Minimes", "limit": "50", "citycode": "toulouse", "lanes": 4.0, "linkid": 543.0, "long": 1.4493397, "lat": 43.6148345, "osmid": "457", "x": 1.4493397, "y": 43.6148345 }, "geometry": { "type": "Point", "coordinates": [ 1.4493397, 43.614834500000015 ] } },
{ "type": "Feature", "properties": { "detid": "647", "flow": 0.15322580645161291, "k_correct": 0.046612461033810358, "length": 0.11159516962219999, "pos": 0.076785561606997996, "fclass": "tertiary", "road": "Rue Marie-Claire de Catellan", "limit": "50", "citycode": "toulouse", "lanes": 2.0, "linkid": 495.0, "long": 1.4447289, "lat": 43.6269197, "osmid": "647", "x": 1.4447289, "y": 43.6269197 }, "geometry": { "type": "Point", "coordinates": [ 1.4447289, 43.6269197 ] } },
{ "type": "Feature", "properties": { "detid": "272", "flow": 0.83064516129032262, "k_correct": 0.072602288966241199, "length": 0.19276603561647099, "pos": 0.17320473538053399, "fclass": "primary", "road": "Boulevard Matabiau", "limit": "50", "citycode": "toulouse", "lanes": 2.0, "linkid": 569.0, "long": 1.4478028, "lat": 43.6150874, "osmid": "272", "x": 1.4478028, "y": 43.6150874 }, "geometry": { "type": "Point", "coordinates": [ 1.4478028, 43.6150874 ] } },
{ "type": "Feature", "properties": { "detid": "460", "flow": 0.94354838709677424, "k_correct": 0.10717052599063517, "length": 0.24604120876673699, "pos": 0.23185070566949101, "fclass": "primary", "road": "Boulevard Matabiau", "limit": "50", "citycode": "toulouse", "lanes": 2.0, "linkid": 568.0, "long": 1.4454961, "lat": 43.6151549, "osmid": "460", "x": 1.4454961, "y": 43.6151549 }, "geometry": { "type": "Point", "coordinates": [ 1.4454961, 43.6151549 ] } },
{ "type": "Feature", "properties": { "detid": "443", "flow": 0.30645161290322581, "k_correct": 0.091254474615245371, "length": 0.179247027269725, "pos": 0.12790467395252, "fclass": "primary", "road": "Avenue de Lyon", "limit": "50", "citycode": "toulouse", "lanes": 1.0, "linkid": 451.0, "long": 1.4514614, "lat": 43.6145218, "osmid": "443", "x": 1.4514614, "y": 43.6145218 }, "geometry": { "type": "Point", "coordinates": [ 1.4514614, 43.6145218 ] } },
{ "type": "Feature", "properties": { "detid": "455", "flow": 0.50806451612903225, "k_correct": 0.043515016632002405, "length": 0.16624214731877299, "pos": 0.15033204920585999, "fclass": "primary", "road": "Boulevard Pierre Semard", "limit": "50", "citycode": "toulouse", "lanes": 3.0, "linkid": 570.0, "long": 1.451177, "lat": 43.6139626, "osmid": "455", "x": 1.451177, "y": 43.6139626 }, "geometry": { "type": "Point", "coordinates": [ 1.451177, 43.6139626 ] } },
{ "type": "Feature", "properties": { "detid": "462", "flow": 0.18548387096774194, "k_correct": 0.034323015613316431, "length": 0.39019012018779198, "pos": 0.34363681334177099, "fclass": "primary", "road": "Rue Matabiau", "limit": "50", "citycode": "toulouse", "lanes": 1.0, "linkid": 607.0, "long": 1.4483741, "lat": 43.6122119, "osmid": "462", "x": 1.4483741, "y": 43.6122119 }, "geometry": { "type": "Point", "coordinates": [ 1.4483741, 43.6122119 ] } },
{ "type": "Feature", "properties": { "detid": "463", "flow": 0.16935483870967741, "k_correct": 0.038837795463142942, "length": 0.15775410809795601, "pos": 0.14644482315566501, "fclass": "primary", "road": "Rue Matabiau", "limit": "50", "citycode": "toulouse", "lanes": 1.0, "linkid": 178.0, "long": 1.4489052, "lat": 43.6128168, "osmid": "463", "x": 1.4489052, "y": 43.6128168 }, "geometry": { "type": "Point", "coordinates": [ 1.4489052, 43.6128168 ] } },
{ "type": "Feature", "properties": { "detid": "418", "flow": 0.63709677419354838, "k_correct": 0.33552256196490793, "length": 0.12819833469532099, "pos": 0.083867349993013998, "fclass": "primary", "road": "Boulevard de Bonrepos", "limit": "50", "citycode": "toulouse", "lanes": 2.0, "linkid": 572.0, "long": 1.4520863, "lat": 43.611807, "osmid": "418", "x": 1.4520863, "y": 43.611807 }, "geometry": { "type": "Point", "coordinates": [ 1.4520863, 43.611807 ] } },
{ "type": "Feature", "properties": { "detid": "150", "flow": 0.60483870967741937, "k_correct": 0.26421989174602795, "length": 0.140833989342939, "pos": 0.117875192390789, "fclass": "secondary", "road": null, "limit": "0", "citycode": "toulouse", "lanes": 2.0, "linkid": 571.0, "long": 1.4523116, "lat": 43.6126421, "osmid": "150", "x": 1.4523116, "y": 43.6126421 }, "geometry": { "type": "Point", "coordinates": [ 1.4523116, 43.6126421 ] } },
{ "type": "Feature", "properties": { "detid": "429", "flow": 0.54032258064516125, "k_correct": 0.11546130855841387, "length": 0.219538859389487, "pos": 0.210514832814228, "fclass": "primary", "road": "Boulevard Pierre Semard", "limit": "50", "citycode": "toulouse", "lanes": 3.0, "linkid": 576.0, "long": 1.4530385, "lat": 43.6113448, "osmid": "429", "x": 1.4530385, "y": 43.6113448 }, "geometry": { "type": "Point", "coordinates": [ 1.4530385, 43.6113448 ] } },
{ "type": "Feature", "properties": { "detid": "114", "flow": 0.56451612903225812, "k_correct": 0.11248152550686226, "length": 0.137026567067809, "pos": 0.11772452240664601, "fclass": "primary", "road": "Boulevard de la Gare", "limit": "50", "citycode": "toulouse", "lanes": 3.0, "linkid": 330.0, "long": 1.4566004, "lat": 43.6062585, "osmid": "114", "x": 1.4566004, "y": 43.6062585 }, "geometry": { "type": "Point", "coordinates": [ 1.4566004, 43.6062585 ] } },
{ "type": "Feature", "properties": { "detid": "115", "flow": 0.46774193548387094, "k_correct": 0.046222031280687796, "length": 0.15742795955232999, "pos": 0.14892073488456001, "fclass": "primary", "road": "Boulevard Riquet", "limit": "50", "citycode": "toulouse", "lanes": 2.0, "linkid": 331.0, "long": 1.455836, "lat": 43.6064847, "osmid": "115", "x": 1.455836, "y": 43.6064847 }, "geometry": { "type": "Point", "coordinates": [ 1.455836, 43.6064847 ] } },
{ "type": "Feature", "properties": { "detid": "403", "flow": 0.41935483870967744, "k_correct": 0.12010655831365941, "length": 0.279858108427534, "pos": 0.26863833656853903, "fclass": "primary", "road": "Pont Georges Pompidou", "limit": "50", "citycode": "toulouse", "lanes": 2.0, "linkid": 456.0, "long": 1.4545512, "lat": 43.6095911, "osmid": "403", "x": 1.4545512, "y": 43.6095911 }, "geometry": { "type": "Point", "coordinates": [ 1.4545512, 43.6095911 ] } },
{ "type": "Feature", "properties": { "detid": "405", "flow": 0.39516129032258063, "k_correct": 0.029284647127291008, "length": 0.26923274263430003, "pos": 0.23188887528213101, "fclass": "primary", "road": "Allées Jean Jaurès", "limit": "50", "citycode": "toulouse", "lanes": 3.0, "linkid": 579.0, "long": 1.4534783, "lat": 43.6090279, "osmid": "405", "x": 1.4534783, "y": 43.6090279 }, "geometry": { "type": "Point", "coordinates": [ 1.4534783, 43.6090279 ] } },
{ "type": "Feature", "properties": { "detid": "417", "flow": 0.40322580645161288, "k_correct": 0.072382721095025734, "length": 0.23792513125469, "pos": 0.21557104791534301, "fclass": "primary", "road": "Boulevard de Bonrepos", "limit": "50", "citycode": "toulouse", "lanes": 3.0, "linkid": 575.0, "long": 1.4536393, "lat": 43.6095096, "osmid": "417", "x": 1.4536393, "y": 43.6095096 }, "geometry": { "type": "Point", "coordinates": [ 1.4536393, 43.6095096 ] } },
{ "type": "Feature", "properties": { "detid": "107", "flow": 0.45161290322580644, "k_correct": 0.42639893415822416, "length": 0.14644810586165599, "pos": 0.13548034877045501, "fclass": "primary", "road": "Boulevard Riquet", "limit": "50", "citycode": "toulouse", "lanes": 2.0, "linkid": 329.0, "long": 1.4565468, "lat": 43.6051553, "osmid": "107", "x": 1.4565468, "y": 43.6051553 }, "geometry": { "type": "Point", "coordinates": [ 1.4565468, 43.6051553 ] } },
{ "type": "Feature", "properties": { "detid": "224", "flow": 0.23387096774193547, "k_correct": 0.082346208509690891, "length": 0.25723177897870397, "pos": 0.25000542551766602, "fclass": "secondary", "road": "Boulevard des Crêtes", "limit": "50", "citycode": "toulouse", "lanes": 3.0, "linkid": 277.0, "long": 1.4732677, "lat": 43.6066333, "osmid": "224", "x": 1.4732677, "y": 43.6066333 }, "geometry": { "type": "Point", "coordinates": [ 1.4732677, 43.6066333 ] } },
{ "type": "Feature", "properties": { "detid": "62", "flow": 0.18548387096774194, "k_correct": 0.11292286465799503, "length": 0.10726022098141701, "pos": 0.094285242995561999, "fclass": "tertiary", "road": null, "limit": "30", "citycode": "toulouse", "lanes": 1.0, "linkid": 333.0, "long": 1.4578597, "lat": 43.6053195, "osmid": "62", "x": 1.4578597, "y": 43.6053195 }, "geometry": { "type": "Point", "coordinates": [ 1.4578597, 43.6053195 ] } },
{ "type": "Feature", "properties": { "detid": "271", "flow": 0.66935483870967738, "k_correct": 0.11344342510623101, "length": 0.43966227020641302, "pos": 0.27371705728694201, "fclass": "primary", "road": "Boulevard de la Gare", "limit": "50", "citycode": "toulouse", "lanes": 3.0, "linkid": 334.0, "long": 1.4572227, "lat": 43.6035782, "osmid": "271", "x": 1.4572227, "y": 43.6035782 }, "geometry": { "type": "Point", "coordinates": [ 1.4572227, 43.6035782 ] } },
{ "type": "Feature", "properties": { "detid": "585", "flow": 0.18548387096774194, "k_correct": 0.022766247653858325, "length": 0.54764910354552898, "pos": 0.386524934272586, "fclass": "tertiary", "road": "Avenue Jean Rieux", "limit": "50", "citycode": "toulouse", "lanes": 1.0, "linkid": 340.0, "long": 1.4585169, "lat": 43.5976608, "osmid": "585", "x": 1.4585169, "y": 43.5976608 }, "geometry": { "type": "Point", "coordinates": [ 1.4585169, 43.5976608 ] } },
{ "type": "Feature", "properties": { "detid": "586", "flow": 0.16935483870967741, "k_correct": 0.087560839943249133, "length": 0.11184761891049499, "pos": 0.10271957212379, "fclass": "primary", "road": "Port Saint-Sauveur", "limit": "50", "citycode": "toulouse", "lanes": 1.0, "linkid": 379.0, "long": 1.4566393, "lat": 43.5981435, "osmid": "586", "x": 1.4566393, "y": 43.5981435 }, "geometry": { "type": "Point", "coordinates": [ 1.4566393, 43.5981435 ] } },
{ "type": "Feature", "properties": { "detid": "78", "flow": 0.33870967741935482, "k_correct": 0.0056122968366894514, "length": 0.43966227020641302, "pos": 0.113507232390507, "fclass": "primary", "road": "Boulevard de la Gare", "limit": "50", "citycode": "toulouse", "lanes": 3.0, "linkid": 334.0, "long": 1.4570899, "lat": 43.6021418, "osmid": "78", "x": 1.4570899, "y": 43.6021418 }, "geometry": { "type": "Point", "coordinates": [ 1.4570899, 43.6021418 ] } },
{ "type": "Feature", "properties": { "detid": "86", "flow": 0.44354838709677419, "k_correct": 0.1040455579720541, "length": 0.14764333208309099, "pos": 0.141804591665769, "fclass": "primary", "road": "Port Saint-Sauveur", "limit": "50", "citycode": "toulouse", "lanes": 1.0, "linkid": 376.0, "long": 1.4566568, "lat": 43.5960145, "osmid": "86", "x": 1.4566568, "y": 43.5960145 }, "geometry": { "type": "Point", "coordinates": [ 1.4566568, 43.596014499999988 ] } },
{ "type": "Feature", "properties": { "detid": "96", "flow": 0.5, "k_correct": 0.089178169471840207, "length": 0.25648808421862102, "pos": 0.201739603368492, "fclass": "primary", "road": "Port Saint-Étienne", "limit": "50", "citycode": "toulouse", "lanes": 1.0, "linkid": 327.0, "long": 1.4566071, "lat": 43.5990147, "osmid": "96", "x": 1.4566071, "y": 43.5990147 }, "geometry": { "type": "Point", "coordinates": [ 1.4566071, 43.5990147 ] } },
{ "type": "Feature", "properties": { "detid": "85", "flow": 0.19354838709677419, "k_correct": 0.051759929320481311, "length": 0.121734174791164, "pos": 0.118494351791866, "fclass": "primary", "road": "Port Saint-Sauveur", "limit": "50", "citycode": "toulouse", "lanes": 1.0, "linkid": 377.0, "long": 1.4566969, "lat": 43.5961136, "osmid": "85", "x": 1.4566969, "y": 43.5961136 }, "geometry": { "type": "Point", "coordinates": [ 1.4566969, 43.5961136 ] } },
{ "type": "Feature", "properties": { "detid": "112", "flow": 0.25, "k_correct": 0.003106360612749375, "length": 0.144603115030254, "pos": 0.12661555325818, "fclass": "secondary", "road": "Boulevard Griffoul-Dorval", "limit": "50", "citycode": "toulouse", "lanes": 3.0, "linkid": 222.0, "long": 1.4607525, "lat": 43.5889318, "osmid": "112", "x": 1.4607525, "y": 43.5889318 }, "geometry": { "type": "Point", "coordinates": [ 1.4607525, 43.5889318 ] } },
{ "type": "Feature", "properties": { "detid": "19", "flow": 0.28225806451612906, "k_correct": 0.028222989251090947, "length": 0.62462713928918201, "pos": 0.59719147430147002, "fclass": "primary", "road": "Boulevard de la Méditerranée", "limit": "50", "citycode": "toulouse", "lanes": 1.0, "linkid": 224.0, "long": 1.4629076, "lat": 43.5824203, "osmid": "19", "x": 1.4629076, "y": 43.5824203 }, "geometry": { "type": "Point", "coordinates": [ 1.4629076, 43.582420299999988 ] } },
{ "type": "Feature", "properties": { "detid": "20", "flow": 0.25806451612903225, "k_correct": 0.017944921605526583, "length": 0.85262240093629305, "pos": 0.84314911514236202, "fclass": "primary", "road": "Boulevard de la Méditerranée", "limit": "50", "citycode": "toulouse", "lanes": 1.0, "linkid": 345.0, "long": 1.4630914, "lat": 43.5819958, "osmid": "20", "x": 1.4630914, "y": 43.5819958 }, "geometry": { "type": "Point", "coordinates": [ 1.4630914, 43.5819958 ] } },
{ "type": "Feature", "properties": { "detid": "260", "flow": 0.18548387096774194, "k_correct": 0.015468092648610368, "length": 0.674895128683481, "pos": 0.49248368606068199, "fclass": "primary", "road": "Boulevard Griffoul-Dorval", "limit": "50", "citycode": "toulouse", "lanes": 1.0, "linkid": 374.0, "long": 1.4603689, "lat": 43.590925, "osmid": "260", "x": 1.4603689, "y": 43.590925 }, "geometry": { "type": "Point", "coordinates": [ 1.4603689, 43.590925 ] } },
{ "type": "Feature", "properties": { "detid": "269", "flow": 0.23387096774193547, "k_correct": 0.036334538427512775, "length": 0.25101944487412298, "pos": 0.24441490330361701, "fclass": "secondary", "road": "Avenue Crampel", "limit": "50", "citycode": "toulouse", "lanes": 1.0, "linkid": 219.0, "long": 1.4572133, "lat": 43.5863255, "osmid": "269", "x": 1.4572133, "y": 43.5863255 }, "geometry": { "type": "Point", "coordinates": [ 1.4572133, 43.5863255 ] } },
{ "type": "Feature", "properties": { "detid": "532", "flow": 0.61290322580645162, "k_correct": 0.27119988284080404, "length": 0.166391228521449, "pos": 0.101828430177458, "fclass": "secondary", "road": "Avenue de Saint-Exupéry", "limit": "50", "citycode": "toulouse", "lanes": 2.0, "linkid": 187.0, "long": 1.4616738, "lat": 43.5872619, "osmid": "532", "x": 1.4616738, "y": 43.5872619 }, "geometry": { "type": "Point", "coordinates": [ 1.4616738, 43.5872619 ] } },
{ "type": "Feature", "properties": { "detid": "268", "flow": 0.24193548387096775, "k_correct": 0.056130182306421042, "length": 0.094173024777310002, "pos": 0.086120251942643, "fclass": "secondary", "road": "Boulevard des Récollets", "limit": "50", "citycode": "toulouse", "lanes": 2.0, "linkid": 352.0, "long": 1.4428501, "lat": 43.5839144, "osmid": "268", "x": 1.4428501, "y": 43.5839144 }, "geometry": { "type": "Point", "coordinates": [ 1.4428501, 43.5839144 ] } },
{ "type": "Feature", "properties": { "detid": "234", "flow": 0.22580645161290322, "k_correct": 0.015275725856286566, "length": 0.45678415509650699, "pos": 0.067475716914187994, "fclass": "tertiary", "road": "Avenue du Professeur Joseph Ducuing", "limit": "0", "citycode": "toulouse", "lanes": 1.0, "linkid": 181.0, "long": 1.4602268, "lat": 43.5627476, "osmid": "234", "x": 1.4602268, "y": 43.5627476 }, "geometry": { "type": "Point", "coordinates": [ 1.4602268, 43.5627476 ] } },
{ "type": "Feature", "properties": { "detid": "754", "flow": 0.17741935483870969, "k_correct": 0.02301425207470327, "length": 0.247390029584237, "pos": 0.22376902777515401, "fclass": "secondary", "road": "Grande Rue Saint-Michel", "limit": "50", "citycode": "toulouse", "lanes": 1.0, "linkid": 355.0, "long": 1.4478001, "lat": 43.5847061, "osmid": "754", "x": 1.4478001, "y": 43.5847061 }, "geometry": { "type": "Point", "coordinates": [ 1.4478001, 43.5847061 ] } },
{ "type": "Feature", "properties": { "detid": "759", "flow": 0.25, "k_correct": 0.069844322648725782, "length": 0.26288806783527402, "pos": 0.25483401497260599, "fclass": "secondary", "road": "Boulevard des Récollets", "limit": "50", "citycode": "toulouse", "lanes": 1.0, "linkid": 354.0, "long": 1.4475842, "lat": 43.5844147, "osmid": "759", "x": 1.4475842, "y": 43.5844147 }, "geometry": { "type": "Point", "coordinates": [ 1.4475842, 43.5844147 ] } },
{ "type": "Feature", "properties": { "detid": "761", "flow": 0.17741935483870969, "k_correct": 0.017992068475907338, "length": 0.201213350624699, "pos": 0.172507090355767, "fclass": "secondary", "road": "Boulevard Delacourtie", "limit": "50", "citycode": "toulouse", "lanes": 1.0, "linkid": 216.0, "long": 1.4484331, "lat": 43.5842379, "osmid": "761", "x": 1.4484331, "y": 43.5842379 }, "geometry": { "type": "Point", "coordinates": [ 1.4484331, 43.584237899999984 ] } },
{ "type": "Feature", "properties": { "detid": "828", "flow": 0.18548387096774194, "k_correct": 0.046195289078715361, "length": 0.286917448236791, "pos": 0.27897244647289099, "fclass": "secondary", "road": "Avenue de l'URSS", "limit": "50", "citycode": "toulouse", "lanes": 1.0, "linkid": 215.0, "long": 1.4478564, "lat": 43.5841679, "osmid": "828", "x": 1.4478564, "y": 43.5841679 }, "geometry": { "type": "Point", "coordinates": [ 1.4478564, 43.5841679 ] } },
{ "type": "Feature", "properties": { "detid": "845", "flow": 0.16935483870967741, "k_correct": 0.03337508283338609, "length": 0.34694931915171601, "pos": 0.32878205746235201, "fclass": "secondary", "road": "Avenue Crampel", "limit": "50", "citycode": "toulouse", "lanes": 1.0, "linkid": 217.0, "long": 1.4542857, "lat": 43.5851675, "osmid": "845", "x": 1.4542857, "y": 43.5851675 }, "geometry": { "type": "Point", "coordinates": [ 1.4542857, 43.5851675 ] } },
{ "type": "Feature", "properties": { "detid": "846", "flow": 0.20161290322580644, "k_correct": 0.040962056654723147, "length": 0.250727817555083, "pos": 0.21662586488792401, "fclass": "secondary", "road": "Avenue Crampel", "limit": "50", "citycode": "toulouse", "lanes": 1.0, "linkid": 218.0, "long": 1.4549482, "lat": 43.5853764, "osmid": "846", "x": 1.4549482, "y": 43.5853764 }, "geometry": { "type": "Point", "coordinates": [ 1.4549482, 43.5853764 ] } },
{ "type": "Feature", "properties": { "detid": "337", "flow": 0.17741935483870969, "k_correct": 0.027321197613119221, "length": 0.249963345584231, "pos": 0.23494971190036501, "fclass": "secondary", "road": "Avenue Crampel", "limit": "50", "citycode": "toulouse", "lanes": 1.0, "linkid": 220.0, "long": 1.4575687, "lat": 43.5864372, "osmid": "337", "x": 1.4575687, "y": 43.5864372 }, "geometry": { "type": "Point", "coordinates": [ 1.4575687, 43.5864372 ] } },
{ "type": "Feature", "properties": { "detid": "37", "flow": 0.23387096774193547, "k_correct": 0.083589947636595149, "length": 0.18179838774187801, "pos": 0.112241628689255, "fclass": "tertiary", "road": "Rue de Metz", "limit": "30", "citycode": "toulouse", "lanes": 1.0, "linkid": 393.0, "long": 1.4472958, "lat": 43.6005482, "osmid": "37", "x": 1.4472958, "y": 43.6005482 }, "geometry": { "type": "Point", "coordinates": [ 1.4472958, 43.6005482 ] } },
{ "type": "Feature", "properties": { "detid": "83", "flow": 0.25806451612903225, "k_correct": 0.036729434163737432, "length": 0.27626057325981601, "pos": 0.21741742819995699, "fclass": "tertiary", "road": "Rue de Metz", "limit": "30", "citycode": "toulouse", "lanes": 2.0, "linkid": 392.0, "long": 1.4509852, "lat": 43.6006026, "osmid": "83", "x": 1.4509852, "y": 43.6006026 }, "geometry": { "type": "Point", "coordinates": [ 1.4509852, 43.6006026 ] } },
{ "type": "Feature", "properties": { "detid": "45", "flow": 0.25, "k_correct": 0.041570127656317901, "length": 0.148465408264011, "pos": 0.11828023796508, "fclass": "primary", "road": "Boulevard Lazare Carnot", "limit": "50", "citycode": "toulouse", "lanes": 2.0, "linkid": 596.0, "long": 1.451075, "lat": 43.6033762, "osmid": "45", "x": 1.451075, "y": 43.6033762 }, "geometry": { "type": "Point", "coordinates": [ 1.451075, 43.6033762 ] } },
{ "type": "Feature", "properties": { "detid": "72", "flow": 0.25, "k_correct": 0.051244163722984445, "length": 0.184280685512836, "pos": 0.15296482400506001, "fclass": "primary", "road": "Boulevard Lazare Carnot", "limit": "50", "citycode": "toulouse", "lanes": 2.0, "linkid": 595.0, "long": 1.4518046, "lat": 43.6019418, "osmid": "72", "x": 1.4518046, "y": 43.6019418 }, "geometry": { "type": "Point", "coordinates": [ 1.4518046, 43.6019418 ] } },
{ "type": "Feature", "properties": { "detid": "296", "flow": 0.14516129032258066, "k_correct": 0.034520336339629872, "length": 0.204237560465622, "pos": 0.096561231938300005, "fclass": "secondary", "road": "Rue du Pont Montaudran", "limit": "50", "citycode": "toulouse", "lanes": 1.0, "linkid": 326.0, "long": 1.4548677, "lat": 43.5992934, "osmid": "296", "x": 1.4548677, "y": 43.5992934 }, "geometry": { "type": "Point", "coordinates": [ 1.4548677, 43.599293399999986 ] } },
{ "type": "Feature", "properties": { "detid": "74", "flow": 0.33870967741935482, "k_correct": 0.10984197296340142, "length": 0.150193463938779, "pos": 0.13558281285407001, "fclass": "primary", "road": "Boulevard Lazare Carnot", "limit": "50", "citycode": "toulouse", "lanes": 2.0, "linkid": 597.0, "long": 1.451818, "lat": 43.6025313, "osmid": "74", "x": 1.451818, "y": 43.6025313 }, "geometry": { "type": "Point", "coordinates": [ 1.451818, 43.6025313 ] } },
{ "type": "Feature", "properties": { "detid": "58", "flow": 0.25, "k_correct": 0.056469636592905638, "length": 0.13111219306847, "pos": 0.10660939484555799, "fclass": "primary", "road": "Boulevard de Strasbourg", "limit": "50", "citycode": "toulouse", "lanes": 2.0, "linkid": 584.0, "long": 1.4472114, "lat": 43.6071742, "osmid": "58", "x": 1.4472114, "y": 43.6071742 }, "geometry": { "type": "Point", "coordinates": [ 1.4472114, 43.6071742 ] } },
{ "type": "Feature", "properties": { "detid": "185", "flow": 0.2661290322580645, "k_correct": 0.063418582135467971, "length": 0.15141012083067901, "pos": 0.142721696375888, "fclass": "primary", "road": "Boulevard de Strasbourg", "limit": "50", "citycode": "toulouse", "lanes": 2.0, "linkid": 581.0, "long": 1.4473012, "lat": 43.6069712, "osmid": "185", "x": 1.4473012, "y": 43.6069712 }, "geometry": { "type": "Point", "coordinates": [ 1.4473012, 43.6069712 ] } },
{ "type": "Feature", "properties": { "detid": "223", "flow": 0.12096774193548387, "k_correct": 0.02669117230391414, "length": 0.30504631256882903, "pos": 0.282188016946188, "fclass": "tertiary", "road": "Rue de Bayard", "limit": "50", "citycode": "toulouse", "lanes": 2.0, "linkid": 574.0, "long": 1.4494523, "lat": 43.6097951, "osmid": "223", "x": 1.4494523, "y": 43.6097951 }, "geometry": { "type": "Point", "coordinates": [ 1.4494523, 43.6097951 ] } },
{ "type": "Feature", "properties": { "detid": "39", "flow": 0.21774193548387097, "k_correct": 0.15740532886567593, "length": 0.084929315858725998, "pos": 0.075574553764260005, "fclass": "primary", "road": "Boulevard de Strasbourg", "limit": "50", "citycode": "toulouse", "lanes": 2.0, "linkid": 587.0, "long": 1.4443427, "lat": 43.6098397, "osmid": "39", "x": 1.4443427, "y": 43.6098397 }, "geometry": { "type": "Point", "coordinates": [ 1.4443427, 43.6098397 ] } },
{ "type": "Feature", "properties": { "detid": "44", "flow": 0.25806451612903225, "k_correct": 0.043336352459240945, "length": 0.190695699425148, "pos": 0.175125731792452, "fclass": "primary", "road": "Boulevard d'Arcole", "limit": "50", "citycode": "toulouse", "lanes": 2.0, "linkid": 593.0, "long": 1.4411053, "lat": 43.6111564, "osmid": "44", "x": 1.4411053, "y": 43.6111564 }, "geometry": { "type": "Point", "coordinates": [ 1.4411053, 43.6111564 ] } },
{ "type": "Feature", "properties": { "detid": "32", "flow": 0.29032258064516131, "k_correct": 0.16120525471396385, "length": 0.096816593600631995, "pos": 0.089136983245164003, "fclass": "primary", "road": "Boulevard de Strasbourg", "limit": "50", "citycode": "toulouse", "lanes": 2.0, "linkid": 585.0, "long": 1.4450334, "lat": 43.6092086, "osmid": "32", "x": 1.4450334, "y": 43.6092086 }, "geometry": { "type": "Point", "coordinates": [ 1.4450334, 43.6092086 ] } },
{ "type": "Feature", "properties": { "detid": "177", "flow": 0.59677419354838712, "k_correct": 0.11547522806729428, "length": 0.19088126895079499, "pos": 0.173317796008364, "fclass": "primary", "road": "Boulevard d'Arcole", "limit": "50", "citycode": "toulouse", "lanes": 2.0, "linkid": 594.0, "long": 1.4391205, "lat": 43.6114652, "osmid": "177", "x": 1.4391205, "y": 43.6114652 }, "geometry": { "type": "Point", "coordinates": [ 1.4391205, 43.6114652 ] } },
{ "type": "Feature", "properties": { "detid": "41", "flow": 0.33064516129032256, "k_correct": 0.083376181173810723, "length": 0.16922188422333101, "pos": 0.154263776367942, "fclass": "primary", "road": "Boulevard d'Arcole", "limit": "50", "citycode": "toulouse", "lanes": 2.0, "linkid": 591.0, "long": 1.4413883, "lat": 43.6110195, "osmid": "41", "x": 1.4413883, "y": 43.6110195 }, "geometry": { "type": "Point", "coordinates": [ 1.4413883, 43.611019499999983 ] } },
{ "type": "Feature", "properties": { "detid": "178", "flow": 0.37096774193548387, "k_correct": 0.022752700883791794, "length": 0.208112937983497, "pos": 0.190312022495563, "fclass": "primary", "road": "Boulevard Lascrosses", "limit": "50", "citycode": "toulouse", "lanes": 3.0, "linkid": 553.0, "long": 1.4382273, "lat": 43.6114769, "osmid": "178", "x": 1.4382273, "y": 43.6114769 }, "geometry": { "type": "Point", "coordinates": [ 1.4382273, 43.6114769 ] } },
{ "type": "Feature", "properties": { "detid": "538", "flow": 0.20161290322580644, "k_correct": 0.057220800074802666, "length": 0.22204304234144401, "pos": 0.20510142249749, "fclass": "primary", "road": "Avenue Honoré Serres", "limit": "0", "citycode": "toulouse", "lanes": 1.0, "linkid": 551.0, "long": 1.4386471, "lat": 43.6118459, "osmid": "538", "x": 1.4386471, "y": 43.6118459 }, "geometry": { "type": "Point", "coordinates": [ 1.4386471, 43.6118459 ] } },
{ "type": "Feature", "properties": { "detid": "165", "flow": 0.4838709677419355, "k_correct": 0.044350789774578896, "length": 0.210107946555595, "pos": 0.20162897689875101, "fclass": "primary", "road": "Boulevard Lascrosses", "limit": "50", "citycode": "toulouse", "lanes": 2.0, "linkid": 554.0, "long": 1.4360815, "lat": 43.6107137, "osmid": "165", "x": 1.4360815, "y": 43.6107137 }, "geometry": { "type": "Point", "coordinates": [ 1.4360815, 43.6107137 ] } },
{ "type": "Feature", "properties": { "detid": "49", "flow": 0.19354838709677419, "k_correct": 0.032939438421498858, "length": 0.151989477582989, "pos": 0.13740314955361499, "fclass": "primary", "road": "Boulevard Lascrosses", "limit": "50", "citycode": "toulouse", "lanes": 3.0, "linkid": 557.0, "long": 1.4340243, "lat": 43.6102126, "osmid": "49", "x": 1.4340243, "y": 43.6102126 }, "geometry": { "type": "Point", "coordinates": [ 1.4340243, 43.6102126 ] } },
{ "type": "Feature", "properties": { "detid": "46", "flow": 0.19354838709677419, "k_correct": 0.034605951290311014, "length": 0.232907670221113, "pos": 0.22393835887432301, "fclass": "primary", "road": "Avenue Honoré Serres", "limit": "50", "citycode": "toulouse", "lanes": 1.0, "linkid": 550.0, "long": 1.4380342, "lat": 43.6137791, "osmid": "46", "x": 1.4380342, "y": 43.6137791 }, "geometry": { "type": "Point", "coordinates": [ 1.4380342, 43.6137791 ] } },
{ "type": "Feature", "properties": { "detid": "81", "flow": 0.61290322580645162, "k_correct": 0.17337552733138117, "length": 0.16752322225920599, "pos": 0.13209636725173901, "fclass": "primary", "road": "Rue du Pont Guilhemery", "limit": "50", "citycode": "toulouse", "lanes": 2.0, "linkid": 325.0, "long": 1.455494, "lat": 43.6005346, "osmid": "81", "x": 1.455494, "y": 43.6005346 }, "geometry": { "type": "Point", "coordinates": [ 1.455494, 43.6005346 ] } },
{ "type": "Feature", "properties": { "detid": "295", "flow": 0.42741935483870969, "k_correct": 0.27879130220471077, "length": 0.12550168753162, "pos": 0.11615072249979901, "fclass": "primary", "road": "Rue du Pont Guilhemery", "limit": "50", "citycode": "toulouse", "lanes": 2.0, "linkid": 324.0, "long": 1.4538364, "lat": 43.6001646, "osmid": "295", "x": 1.4538364, "y": 43.6001646 }, "geometry": { "type": "Point", "coordinates": [ 1.4538364, 43.600164599999985 ] } },
{ "type": "Feature", "properties": { "detid": "80", "flow": 0.20967741935483872, "k_correct": 0.032924780698668228, "length": 0.21286786991249401, "pos": 0.19552650465260199, "fclass": "primary", "road": "Avenue Camille Pujol", "limit": "50", "citycode": "toulouse", "lanes": 1.0, "linkid": 321.0, "long": 1.4585692, "lat": 43.6016825, "osmid": "80", "x": 1.4585692, "y": 43.6016825 }, "geometry": { "type": "Point", "coordinates": [ 1.4585692, 43.6016825 ] } },
{ "type": "Feature", "properties": { "detid": "100", "flow": 0.29032258064516131, "k_correct": 0.09549667333350928, "length": 0.12588993635045101, "pos": 0.117385352734811, "fclass": "primary", "road": "Allée Forain François Verdier", "limit": "50", "citycode": "toulouse", "lanes": 2.0, "linkid": 386.0, "long": 1.4524806, "lat": 43.5986369, "osmid": "100", "x": 1.4524806, "y": 43.5986369 }, "geometry": { "type": "Point", "coordinates": [ 1.4524806, 43.59863690000001 ] } },
{ "type": "Feature", "properties": { "detid": "77", "flow": 0.35483870967741937, "k_correct": 0.047652312132868628, "length": 0.218768548778625, "pos": 0.169796726958271, "fclass": "primary", "road": "Allée Forain François Verdier", "limit": "50", "citycode": "toulouse", "lanes": 1.0, "linkid": 387.0, "long": 1.4517966, "lat": 43.599679, "osmid": "77", "x": 1.4517966, "y": 43.599679 }, "geometry": { "type": "Point", "coordinates": [ 1.4517966, 43.599679 ] } },
{ "type": "Feature", "properties": { "detid": "84", "flow": 0.36290322580645162, "k_correct": 0.077030723773366186, "length": 0.14026036992965099, "pos": 0.098662434166629995, "fclass": "primary", "road": "Allée Forain François Verdier", "limit": "50", "citycode": "toulouse", "lanes": 2.0, "linkid": 388.0, "long": 1.4520755, "lat": 43.5977336, "osmid": "84", "x": 1.4520755, "y": 43.5977336 }, "geometry": { "type": "Point", "coordinates": [ 1.4520755, 43.5977336 ] } },
{ "type": "Feature", "properties": { "detid": "412", "flow": 0.18548387096774194, "k_correct": 0.05368663855455226, "length": 0.33355776100229101, "pos": 0.126173191050369, "fclass": "tertiary", "road": "Allée Henri Sellier", "limit": "30", "citycode": "toulouse", "lanes": 1.0, "linkid": 359.0, "long": 1.4381495, "lat": 43.5772946, "osmid": "412", "x": 1.4381495, "y": 43.5772946 }, "geometry": { "type": "Point", "coordinates": [ 1.4381495, 43.5772946 ] } },
{ "type": "Feature", "properties": { "detid": "371", "flow": 0.16935483870967741, "k_correct": 0.01803550817811022, "length": 0.25103894842562702, "pos": 0.238619086142005, "fclass": "tertiary", "road": "Route de Narbonne", "limit": "0", "citycode": "toulouse", "lanes": 1.0, "linkid": 193.0, "long": 1.4686395, "lat": 43.5531641, "osmid": "371", "x": 1.4686395, "y": 43.5531641 }, "geometry": { "type": "Point", "coordinates": [ 1.4686395, 43.553164099999982 ] } },
{ "type": "Feature", "properties": { "detid": "227", "flow": 0.58870967741935487, "k_correct": 0.071546216179691549, "length": 0.10523224370773, "pos": 0.097439976312469007, "fclass": "primary", "road": "Avenue Pierre-Georges Latécoère", "limit": "50", "citycode": "toulouse", "lanes": 2.0, "linkid": 201.0, "long": 1.4670986, "lat": 43.5553285, "osmid": "227", "x": 1.4670986, "y": 43.5553285 }, "geometry": { "type": "Point", "coordinates": [ 1.4670986, 43.5553285 ] } },
{ "type": "Feature", "properties": { "detid": "286", "flow": 0.2661290322580645, "k_correct": 0.014390837245916025, "length": 0.23890444681809, "pos": 0.23044519834963401, "fclass": "primary", "road": "Avenue Pierre-Georges Latécoère", "limit": "50", "citycode": "toulouse", "lanes": 2.0, "linkid": 198.0, "long": 1.4680856, "lat": 43.5547415, "osmid": "286", "x": 1.4680856, "y": 43.5547415 }, "geometry": { "type": "Point", "coordinates": [ 1.4680856, 43.554741499999984 ] } },
{ "type": "Feature", "properties": { "detid": "59", "flow": 0.46774193548387094, "k_correct": 0.090766117515915207, "length": 0.13211929707016801, "pos": 0.12585195239271399, "fclass": "primary", "road": "Avenue Pierre-Georges Latécoère", "limit": "50", "citycode": "toulouse", "lanes": 2.0, "linkid": 204.0, "long": 1.4660069, "lat": 43.5560478, "osmid": "59", "x": 1.4660069, "y": 43.5560478 }, "geometry": { "type": "Point", "coordinates": [ 1.4660069, 43.5560478 ] } },
{ "type": "Feature", "properties": { "detid": "134", "flow": 0.38709677419354838, "k_correct": 0.074296021645340604, "length": 0.452505911337236, "pos": 0.44578406381708902, "fclass": "primary", "road": "Route de Narbonne", "limit": "50", "citycode": "toulouse", "lanes": 1.0, "linkid": 206.0, "long": 1.4650789, "lat": 43.5572325, "osmid": "134", "x": 1.4650789, "y": 43.5572325 }, "geometry": { "type": "Point", "coordinates": [ 1.4650789, 43.5572325 ] } },
{ "type": "Feature", "properties": { "detid": "285", "flow": 0.57258064516129037, "k_correct": 0.16870313250906824, "length": 0.086016844217262994, "pos": 0.070875309794784, "fclass": "tertiary", "road": "Route de Narbonne", "limit": "0", "citycode": "toulouse", "lanes": 2.0, "linkid": 200.0, "long": 1.4679113, "lat": 43.554899, "osmid": "285", "x": 1.4679113, "y": 43.554899 }, "geometry": { "type": "Point", "coordinates": [ 1.4679113, 43.554899 ] } },
{ "type": "Feature", "properties": { "detid": "228", "flow": 0.23387096774193547, "k_correct": 0.031065140078130524, "length": 0.25587968627431801, "pos": 0.249794761996734, "fclass": "tertiary", "road": "Route de Narbonne", "limit": "0", "citycode": "toulouse", "lanes": 1.0, "linkid": 196.0, "long": 1.4669256, "lat": 43.5549651, "osmid": "228", "x": 1.4669256, "y": 43.5549651 }, "geometry": { "type": "Point", "coordinates": [ 1.4669256, 43.5549651 ] } },
{ "type": "Feature", "properties": { "detid": "57", "flow": 0.18548387096774194, "k_correct": 0.013600658686866057, "length": 0.124572315175868, "pos": 0.089954375844366996, "fclass": "primary", "road": "Avenue Pierre-Georges Latécoère", "limit": "50", "citycode": "toulouse", "lanes": 2.0, "linkid": 202.0, "long": 1.4662202, "lat": 43.5557834, "osmid": "57", "x": 1.4662202, "y": 43.5557834 }, "geometry": { "type": "Point", "coordinates": [ 1.4662202, 43.555783399999989 ] } },
{ "type": "Feature", "properties": { "detid": "48", "flow": 0.14516129032258066, "k_correct": 0.059000763867839867, "length": 0.11691963726290699, "pos": 0.087686923954349003, "fclass": "tertiary", "road": "Route de Narbonne", "limit": "0", "citycode": "toulouse", "lanes": 1.0, "linkid": 203.0, "long": 1.4661585, "lat": 43.5557562, "osmid": "48", "x": 1.4661585, "y": 43.5557562 }, "geometry": { "type": "Point", "coordinates": [ 1.4661585, 43.5557562 ] } },
{ "type": "Feature", "properties": { "detid": "229", "flow": 0.12903225806451613, "k_correct": 0.0086280015556635895, "length": 0.25587968627431801, "pos": 0.15566565062544599, "fclass": "tertiary", "road": "Route de Narbonne", "limit": "0", "citycode": "toulouse", "lanes": 1.0, "linkid": 196.0, "long": 1.4675841, "lat": 43.5542662, "osmid": "229", "x": 1.4675841, "y": 43.5542662 }, "geometry": { "type": "Point", "coordinates": [ 1.4675841, 43.5542662 ] } },
{ "type": "Feature", "properties": { "detid": "91", "flow": 0.19354838709677419, "k_correct": 0.019783233102343915, "length": 0.74392851483246403, "pos": 0.73767446590646002, "fclass": "primary", "road": "Route de Narbonne", "limit": "50", "citycode": "toulouse", "lanes": 2.0, "linkid": 185.0, "long": 1.4626756, "lat": 43.561047, "osmid": "91", "x": 1.4626756, "y": 43.561047 }, "geometry": { "type": "Point", "coordinates": [ 1.4626756, 43.561047 ] } },
{ "type": "Feature", "properties": { "detid": "90", "flow": 0.34677419354838712, "k_correct": 0.087798702290016933, "length": 0.44664310158185899, "pos": 0.44150465770936997, "fclass": "primary", "road": "Route de Narbonne", "limit": "50", "citycode": "toulouse", "lanes": 2.0, "linkid": 207.0, "long": 1.4626703, "lat": 43.5608196, "osmid": "90", "x": 1.4626703, "y": 43.5608196 }, "geometry": { "type": "Point", "coordinates": [ 1.4626703, 43.5608196 ] } },
{ "type": "Feature", "properties": { "detid": "1195", "flow": 0.35483870967741937, "k_correct": 0.03473898477935633, "length": 0.73663300070249005, "pos": 0.72186624146887901, "fclass": "primary", "road": "Route de Narbonne", "limit": "50", "citycode": "toulouse", "lanes": 1.0, "linkid": 183.0, "long": 1.4584444, "lat": 43.5668456, "osmid": "1195", "x": 1.4584444, "y": 43.5668456 }, "geometry": { "type": "Point", "coordinates": [ 1.4584444, 43.5668456 ] } },
{ "type": "Feature", "properties": { "detid": "240", "flow": 0.29032258064516131, "k_correct": 0.053903170250382382, "length": 0.36891851999862502, "pos": 0.33809516020199198, "fclass": "primary", "road": "Route de Narbonne", "limit": "50", "citycode": "toulouse", "lanes": 2.0, "linkid": 208.0, "long": 1.4580797, "lat": 43.5673227, "osmid": "240", "x": 1.4580797, "y": 43.5673227 }, "geometry": { "type": "Point", "coordinates": [ 1.4580797, 43.5673227 ] } },
{ "type": "Feature", "properties": { "detid": "232", "flow": 0.16935483870967741, "k_correct": 0.0080838884787589015, "length": 0.44442888967764399, "pos": 0.056831101263073003, "fclass": "tertiary", "road": "Chemin des Maraîchers", "limit": "0", "citycode": "toulouse", "lanes": 1.0, "linkid": 182.0, "long": 1.4619192, "lat": 43.5643326, "osmid": "232", "x": 1.4619192, "y": 43.5643326 }, "geometry": { "type": "Point", "coordinates": [ 1.4619192, 43.5643326 ] } },
{ "type": "Feature", "properties": { "detid": "1402", "flow": 0.45967741935483869, "k_correct": 0.085453668693340826, "length": 0.16532816029309, "pos": 0.15238159233420701, "fclass": "primary", "road": "Route de Narbonne", "limit": "50", "citycode": "toulouse", "lanes": 1.0, "linkid": 209.0, "long": 1.4540725, "lat": 43.5712201, "osmid": "1402", "x": 1.4540725, "y": 43.5712201 }, "geometry": { "type": "Point", "coordinates": [ 1.4540725, 43.5712201 ] } },
{ "type": "Feature", "properties": { "detid": "1459", "flow": 0.54032258064516125, "k_correct": 0.12357308301747913, "length": 0.32331224335021602, "pos": 0.304303082344755, "fclass": "primary", "road": "Route de Narbonne", "limit": "50", "citycode": "toulouse", "lanes": 2.0, "linkid": 210.0, "long": 1.4539544, "lat": 43.5714076, "osmid": "1459", "x": 1.4539544, "y": 43.5714076 }, "geometry": { "type": "Point", "coordinates": [ 1.4539544, 43.5714076 ] } },
{ "type": "Feature", "properties": { "detid": "265", "flow": 0.16935483870967741, "k_correct": 0.04366823541016545, "length": 0.291551909801334, "pos": 0.26477176745393199, "fclass": "tertiary", "road": "Avenue Albert Bédouce", "limit": "0", "citycode": "toulouse", "lanes": 1.0, "linkid": 343.0, "long": 1.4622773, "lat": 43.5814489, "osmid": "265", "x": 1.4622773, "y": 43.5814489 }, "geometry": { "type": "Point", "coordinates": [ 1.4622773, 43.581448899999984 ] } },
{ "type": "Feature", "properties": { "detid": "262", "flow": 0.20967741935483872, "k_correct": 0.040373330733653859, "length": 0.31346311154366502, "pos": 0.25392856731761598, "fclass": "primary", "road": "Avenue Jules Julien", "limit": "50", "citycode": "toulouse", "lanes": 1.0, "linkid": 211.0, "long": 1.4522204, "lat": 43.5732071, "osmid": "262", "x": 1.4522204, "y": 43.5732071 }, "geometry": { "type": "Point", "coordinates": [ 1.4522204, 43.5732071 ] } },
{ "type": "Feature", "properties": { "detid": "255", "flow": 0.12903225806451613, "k_correct": 0.014577000873088039, "length": 0.295766546412292, "pos": 0.096923145067303998, "fclass": "secondary", "road": "Route de Labège", "limit": "50", "citycode": "toulouse", "lanes": 1.0, "linkid": 230.0, "long": 1.4987326, "lat": 43.5700609, "osmid": "255", "x": 1.4987326, "y": 43.5700609 }, "geometry": { "type": "Point", "coordinates": [ 1.4987326, 43.5700609 ] } },
{ "type": "Feature", "properties": { "detid": "242", "flow": 0.22580645161290322, "k_correct": 0.27168231320616476, "length": 0.062287848990647002, "pos": 0.052348749852231001, "fclass": "secondary", "road": "Route de Revel", "limit": "50", "citycode": "toulouse", "lanes": 1.0, "linkid": 236.0, "long": 1.4952028, "lat": 43.5724871, "osmid": "242", "x": 1.4952028, "y": 43.5724871 }, "geometry": { "type": "Point", "coordinates": [ 1.4952028, 43.5724871 ] } },
{ "type": "Feature", "properties": { "detid": "258", "flow": 0.70161290322580649, "k_correct": 0.089162714978905155, "length": 0.23209880182035, "pos": 0.21711982004791899, "fclass": "secondary", "road": "Route de Revel", "limit": "0", "citycode": "toulouse", "lanes": 2.0, "linkid": 239.0, "long": 1.4958183, "lat": 43.5721869, "osmid": "258", "x": 1.4958183, "y": 43.5721869 }, "geometry": { "type": "Point", "coordinates": [ 1.4958183, 43.5721869 ] } },
{ "type": "Feature", "properties": { "detid": "250", "flow": 0.22580645161290322, "k_correct": 0.20494751359892893, "length": 0.065682053622232006, "pos": 0.052456456069863003, "fclass": "secondary", "road": "Route de Revel", "limit": "50", "citycode": "toulouse", "lanes": 1.0, "linkid": 238.0, "long": 1.4946865, "lat": 43.5725775, "osmid": "250", "x": 1.4946865, "y": 43.5725775 }, "geometry": { "type": "Point", "coordinates": [ 1.4946865, 43.5725775 ] } },
{ "type": "Feature", "properties": { "detid": "246", "flow": 0.41935483870967744, "k_correct": 0.27581377857259992, "length": 0.069553686119920993, "pos": 0.056180385320632999, "fclass": "secondary", "road": "Route de Revel", "limit": "50", "citycode": "toulouse", "lanes": 2.0, "linkid": 237.0, "long": 1.494669, "lat": 43.5725405, "osmid": "246", "x": 1.494669, "y": 43.5725405 }, "geometry": { "type": "Point", "coordinates": [ 1.494669, 43.5725405 ] } },
{ "type": "Feature", "properties": { "detid": "447", "flow": 0.2661290322580645, "k_correct": 0.23535373328101647, "length": 0.071708923151823006, "pos": 0.058258558824591002, "fclass": "secondary", "road": "Route de Revel", "limit": "50", "citycode": "toulouse", "lanes": 1.0, "linkid": 235.0, "long": 1.4952282, "lat": 43.5725279, "osmid": "447", "x": 1.4952282, "y": 43.5725279 }, "geometry": { "type": "Point", "coordinates": [ 1.4952282, 43.5725279 ] } },
{ "type": "Feature", "properties": { "detid": "1373", "flow": 0.29032258064516131, "k_correct": 0.020425021787348868, "length": 0.85262240093629305, "pos": 0.72606221073813404, "fclass": "primary", "road": "Boulevard de la Méditerranée", "limit": "50", "citycode": "toulouse", "lanes": 1.0, "linkid": 345.0, "long": 1.4638585, "lat": 43.5811078, "osmid": "1373", "x": 1.4638585, "y": 43.5811078 }, "geometry": { "type": "Point", "coordinates": [ 1.4638585, 43.581107799999984 ] } },
{ "type": "Feature", "properties": { "detid": "1378", "flow": 0.27419354838709675, "k_correct": 0.13639305514815633, "length": 0.11382627952781101, "pos": 0.088914022606070994, "fclass": "primary", "road": "Boulevard de la Méditerranée", "limit": "50", "citycode": "toulouse", "lanes": 1.0, "linkid": 344.0, "long": 1.4636734, "lat": 43.5813352, "osmid": "1378", "x": 1.4636734, "y": 43.5813352 }, "geometry": { "type": "Point", "coordinates": [ 1.4636734, 43.581335200000012 ] } },
{ "type": "Feature", "properties": { "detid": "158", "flow": 0.36290322580645162, "k_correct": 0.14080887622766355, "length": 0.126143004385633, "pos": 0.118168737797243, "fclass": "secondary", "road": "Route de Revel", "limit": "50", "citycode": "toulouse", "lanes": 1.0, "linkid": 242.0, "long": 1.4905693, "lat": 43.5744167, "osmid": "158", "x": 1.4905693, "y": 43.5744167 }, "geometry": { "type": "Point", "coordinates": [ 1.4905693, 43.5744167 ] } },
{ "type": "Feature", "properties": { "detid": "220", "flow": 0.39516129032258063, "k_correct": 0.10875310913841027, "length": 0.26283094664227902, "pos": 0.226983713601596, "fclass": "primary", "road": "Avenue de Castres", "limit": "0", "citycode": "toulouse", "lanes": 1.0, "linkid": 259.0, "long": 1.4888406, "lat": 43.5946101, "osmid": "220", "x": 1.4888406, "y": 43.5946101 }, "geometry": { "type": "Point", "coordinates": [ 1.4888406, 43.5946101 ] } },
{ "type": "Feature", "properties": { "detid": "222", "flow": 0.28225806451612906, "k_correct": 0.033462011645725383, "length": 0.23986480093029, "pos": 0.21891668457205901, "fclass": "primary", "road": "Avenue de Castres", "limit": "0", "citycode": "toulouse", "lanes": 1.0, "linkid": 262.0, "long": 1.4879367, "lat": 43.5949792, "osmid": "222", "x": 1.4879367, "y": 43.5949792 }, "geometry": { "type": "Point", "coordinates": [ 1.4879367, 43.5949792 ] } },
{ "type": "Feature", "properties": { "detid": "280", "flow": 0.15322580645161291, "k_correct": 0.0051811868354863641, "length": 0.45858727644619901, "pos": 0.22040568848234501, "fclass": "secondary", "road": "Avenue de Saint-Exupéry", "limit": "50", "citycode": "toulouse", "lanes": 1.0, "linkid": 192.0, "long": 1.4783505, "lat": 43.5806668, "osmid": "280", "x": 1.4783505, "y": 43.5806668 }, "geometry": { "type": "Point", "coordinates": [ 1.4783505, 43.5806668 ] } },
{ "type": "Feature", "properties": { "detid": "696", "flow": 0.39516129032258063, "k_correct": 0.23176850634826054, "length": 0.111619803288988, "pos": 0.086345452183928001, "fclass": "primary", "road": "Avenue de Castres", "limit": "50", "citycode": "toulouse", "lanes": 2.0, "linkid": 258.0, "long": 1.4919466, "lat": 43.5936893, "osmid": "696", "x": 1.4919466, "y": 43.5936893 }, "geometry": { "type": "Point", "coordinates": [ 1.4919466, 43.5936893 ] } },
{ "type": "Feature", "properties": { "detid": "245", "flow": 0.33870967741935482, "k_correct": 0.10724284014714661, "length": 0.122941229296784, "pos": 0.114496397901417, "fclass": "secondary", "road": "Route de Revel", "limit": "50", "citycode": "toulouse", "lanes": 1.0, "linkid": 243.0, "long": 1.4895085, "lat": 43.575059, "osmid": "245", "x": 1.4895085, "y": 43.575059 }, "geometry": { "type": "Point", "coordinates": [ 1.4895085, 43.575059 ] } },
{ "type": "Feature", "properties": { "detid": "157", "flow": 0.37903225806451613, "k_correct": 0.033471740669364737, "length": 0.23980387969172701, "pos": 0.23073549456739101, "fclass": "secondary", "road": "Route de Revel", "limit": "50", "citycode": "toulouse", "lanes": 1.0, "linkid": 241.0, "long": 1.4906377, "lat": 43.5743089, "osmid": "157", "x": 1.4906377, "y": 43.5743089 }, "geometry": { "type": "Point", "coordinates": [ 1.4906377, 43.5743089 ] } },
{ "type": "Feature", "properties": { "detid": "248", "flow": 0.27419354838709675, "k_correct": 0.02250253020211317, "length": 0.21001746715898001, "pos": 0.201162746759595, "fclass": "secondary", "road": "Route de Revel", "limit": "50", "citycode": "toulouse", "lanes": 1.0, "linkid": 245.0, "long": 1.4873305, "lat": 43.5766213, "osmid": "248", "x": 1.4873305, "y": 43.5766213 }, "geometry": { "type": "Point", "coordinates": [ 1.4873305, 43.5766213 ] } },
{ "type": "Feature", "properties": { "detid": "156", "flow": 0.29838709677419356, "k_correct": 0.065797745712486616, "length": 0.211336716338792, "pos": 0.20144989564431501, "fclass": "secondary", "road": "Route de Revel", "limit": "50", "citycode": "toulouse", "lanes": 1.0, "linkid": 244.0, "long": 1.4854798, "lat": 43.5778173, "osmid": "156", "x": 1.4854798, "y": 43.5778173 }, "geometry": { "type": "Point", "coordinates": [ 1.4854798, 43.5778173 ] } },
{ "type": "Feature", "properties": { "detid": "249", "flow": 0.28225806451612906, "k_correct": 0.028442868696726145, "length": 0.207032438370717, "pos": 0.20176211019752899, "fclass": "secondary", "road": "Route de Revel", "limit": "50", "citycode": "toulouse", "lanes": 1.0, "linkid": 248.0, "long": 1.487368, "lat": 43.5765339, "osmid": "249", "x": 1.487368, "y": 43.5765339 }, "geometry": { "type": "Point", "coordinates": [ 1.487368, 43.5765339 ] } },
{ "type": "Feature", "properties": { "detid": "155", "flow": 0.25806451612903225, "k_correct": 0.072684889810841063, "length": 0.162935920266503, "pos": 0.15582871980618301, "fclass": "secondary", "road": "Route de Revel", "limit": "50", "citycode": "toulouse", "lanes": 1.0, "linkid": 246.0, "long": 1.4854315, "lat": 43.5778892, "osmid": "155", "x": 1.4854315, "y": 43.5778892 }, "geometry": { "type": "Point", "coordinates": [ 1.4854315, 43.5778892 ] } },
{ "type": "Feature", "properties": { "detid": "448", "flow": 0.33064516129032256, "k_correct": 0.15249051686843013, "length": 0.175164999495142, "pos": 0.16377109183874899, "fclass": "secondary", "road": "Avenue de Saint-Exupéry", "limit": "50", "citycode": "toulouse", "lanes": 1.0, "linkid": 189.0, "long": 1.4651648, "lat": 43.5858912, "osmid": "448", "x": 1.4651648, "y": 43.5858912 }, "geometry": { "type": "Point", "coordinates": [ 1.4651648, 43.5858912 ] } },
{ "type": "Feature", "properties": { "detid": "449", "flow": 0.27419354838709675, "k_correct": 0.045799328747120248, "length": 0.44782577053084999, "pos": 0.35016231936813802, "fclass": "secondary", "road": "Avenue de Saint-Exupéry", "limit": "50", "citycode": "toulouse", "lanes": 1.0, "linkid": 190.0, "long": 1.4663851, "lat": 43.5853541, "osmid": "449", "x": 1.4663851, "y": 43.5853541 }, "geometry": { "type": "Point", "coordinates": [ 1.4663851, 43.5853541 ] } },
{ "type": "Feature", "properties": { "detid": "281", "flow": 0.24193548387096775, "k_correct": 0.012891103480723315, "length": 0.45345650517351199, "pos": 0.228301033325883, "fclass": "secondary", "road": "Avenue de Saint-Exupéry", "limit": "50", "citycode": "toulouse", "lanes": 1.0, "linkid": 191.0, "long": 1.4784658, "lat": 43.5805929, "osmid": "281", "x": 1.4784658, "y": 43.5805929 }, "geometry": { "type": "Point", "coordinates": [ 1.4784658, 43.5805929 ] } },
{ "type": "Feature", "properties": { "detid": "1095", "flow": 0.17741935483870969, "k_correct": 0.027896991335496054, "length": 0.22802566768962501, "pos": 0.184193058541503, "fclass": "tertiary", "road": "Avenue Lucien Baroux", "limit": "50", "citycode": "toulouse", "lanes": 1.0, "linkid": 303.0, "long": 1.4788762, "lat": 43.5899206, "osmid": "1095", "x": 1.4788762, "y": 43.5899206 }, "geometry": { "type": "Point", "coordinates": [ 1.4788762, 43.5899206 ] } },
{ "type": "Feature", "properties": { "detid": "239", "flow": 0.17338709677419356, "k_correct": 0.011927898446146694, "length": 0.77988017823883005, "pos": 0.74049227538531004, "fclass": "tertiary", "road": "Avenue Jean Rieux", "limit": "50", "citycode": "toulouse", "lanes": 1.0, "linkid": 335.0, "long": 1.4780125, "lat": 43.5839115, "osmid": "239", "x": 1.4780125, "y": 43.5839115 }, "geometry": { "type": "Point", "coordinates": [ 1.4780125, 43.583911499999985 ] } },
{ "type": "Feature", "properties": { "detid": "241", "flow": 0.17741935483870969, "k_correct": 0.0099371905315288039, "length": 1.0258385204437499, "pos": 0.93877231101748904, "fclass": "tertiary", "road": "Avenue Jean Rieux", "limit": "50", "citycode": "toulouse", "lanes": 1.0, "linkid": 250.0, "long": 1.4769879, "lat": 43.5846712, "osmid": "241", "x": 1.4769879, "y": 43.5846712 }, "geometry": { "type": "Point", "coordinates": [ 1.4769879, 43.5846712 ] } },
{ "type": "Feature", "properties": { "detid": "350", "flow": 0.21774193548387097, "k_correct": 0.033780366111100656, "length": 0.237887260409469, "pos": 0.224878054434721, "fclass": "tertiary", "road": "Avenue Jean Rieux", "limit": "50", "citycode": "toulouse", "lanes": 1.0, "linkid": 336.0, "long": 1.4689963, "lat": 43.5914155, "osmid": "350", "x": 1.4689963, "y": 43.5914155 }, "geometry": { "type": "Point", "coordinates": [ 1.4689963, 43.5914155 ] } },
{ "type": "Feature", "properties": { "detid": "692", "flow": 0.16935483870967741, "k_correct": 0.044099833643748226, "length": 0.29151158481853301, "pos": 0.278733263002723, "fclass": "primary", "road": "Avenue de Castres", "limit": "50", "citycode": "toulouse", "lanes": 1.0, "linkid": 316.0, "long": 1.4716369, "lat": 43.6008318, "osmid": "692", "x": 1.4716369, "y": 43.6008318 }, "geometry": { "type": "Point", "coordinates": [ 1.4716369, 43.6008318 ] } },
{ "type": "Feature", "properties": { "detid": "693", "flow": 0.22580645161290322, "k_correct": 0.062432748557378376, "length": 0.31612903735761, "pos": 0.29549225513613198, "fclass": "primary", "road": "Avenue de Castres", "limit": "50", "citycode": "toulouse", "lanes": 1.0, "linkid": 314.0, "long": 1.4722967, "lat": 43.6008201, "osmid": "693", "x": 1.4722967, "y": 43.6008201 }, "geometry": { "type": "Point", "coordinates": [ 1.4722967, 43.6008201 ] } },
{ "type": "Feature", "properties": { "detid": "583", "flow": 0.17741935483870969, "k_correct": 0.049428505415698716, "length": 0.14812529176494801, "pos": 0.14034517385697501, "fclass": "tertiary", "road": "Avenue Jean Rieux", "limit": "50", "citycode": "toulouse", "lanes": 1.0, "linkid": 338.0, "long": 1.4668062, "lat": 43.5929453, "osmid": "583", "x": 1.4668062, "y": 43.5929453 }, "geometry": { "type": "Point", "coordinates": [ 1.4668062, 43.5929453 ] } },
{ "type": "Feature", "properties": { "detid": "587", "flow": 0.15322580645161291, "k_correct": 0.028777693168784296, "length": 0.27329345628615398, "pos": 0.24994473505220499, "fclass": "tertiary", "road": "Avenue Jean Rieux", "limit": "50", "citycode": "toulouse", "lanes": 1.0, "linkid": 339.0, "long": 1.4632764, "lat": 43.5958533, "osmid": "587", "x": 1.4632764, "y": 43.5958533 }, "geometry": { "type": "Point", "coordinates": [ 1.4632764, 43.5958533 ] } },
{ "type": "Feature", "properties": { "detid": "588", "flow": 0.14516129032258066, "k_correct": 0.014035688209210315, "length": 0.24340083368037399, "pos": 0.23313168965251099, "fclass": "tertiary", "road": "Avenue Jean Rieux", "limit": "50", "citycode": "toulouse", "lanes": 1.0, "linkid": 337.0, "long": 1.4669163, "lat": 43.592751, "osmid": "588", "x": 1.4669163, "y": 43.592751 }, "geometry": { "type": "Point", "coordinates": [ 1.4669163, 43.592751 ] } },
{ "type": "Feature", "properties": { "detid": "584", "flow": 0.28225806451612906, "k_correct": 0.050223745354498812, "length": 0.54887747737661596, "pos": 0.54093310897329305, "fclass": "tertiary", "road": "Avenue Jean Rieux", "limit": "50", "citycode": "toulouse", "lanes": 1.0, "linkid": 341.0, "long": 1.4627239, "lat": 43.5961039, "osmid": "584", "x": 1.4627239, "y": 43.5961039 }, "geometry": { "type": "Point", "coordinates": [ 1.4627239, 43.5961039 ] } },
{ "type": "Feature", "properties": { "detid": "1096", "flow": 0.12096774193548387, "k_correct": 0.0053777291818568876, "length": 0.224880608231942, "pos": 0.17379771835327301, "fclass": "tertiary", "road": "Avenue Lucien Baroux", "limit": "50", "citycode": "toulouse", "lanes": 1.0, "linkid": 304.0, "long": 1.4789271, "lat": 43.5922926, "osmid": "1096", "x": 1.4789271, "y": 43.5922926 }, "geometry": { "type": "Point", "coordinates": [ 1.4789271, 43.5922926 ] } },
{ "type": "Feature", "properties": { "detid": "226", "flow": 0.32258064516129031, "k_correct": 0.047204432831878224, "length": 0.220651414369268, "pos": 0.20655073345896599, "fclass": "primary", "road": "Avenue Camille Pujol", "limit": "50", "citycode": "toulouse", "lanes": 1.0, "linkid": 320.0, "long": 1.4608424, "lat": 43.6012144, "osmid": "226", "x": 1.4608424, "y": 43.6012144 }, "geometry": { "type": "Point", "coordinates": [ 1.4608424, 43.6012144 ] } },
{ "type": "Feature", "properties": { "detid": "52", "flow": 0.35483870967741937, "k_correct": 0.10446866087006489, "length": 0.241617984448384, "pos": 0.230163847255167, "fclass": "primary", "road": "Avenue Camille Pujol", "limit": "50", "citycode": "toulouse", "lanes": 1.0, "linkid": 318.0, "long": 1.4637727, "lat": 43.6006784, "osmid": "52", "x": 1.4637727, "y": 43.6006784 }, "geometry": { "type": "Point", "coordinates": [ 1.4637727, 43.6006784 ] } },
{ "type": "Feature", "properties": { "detid": "210", "flow": 0.31451612903225806, "k_correct": 0.040922870071869386, "length": 0.15056552503493301, "pos": 0.14010658093473, "fclass": "primary", "road": "Avenue Yves Brunaud", "limit": "50", "citycode": "toulouse", "lanes": 2.0, "linkid": 416.0, "long": 1.4651432, "lat": 43.6157802, "osmid": "210", "x": 1.4651432, "y": 43.6157802 }, "geometry": { "type": "Point", "coordinates": [ 1.4651432, 43.6157802 ] } },
{ "type": "Feature", "properties": { "detid": "31", "flow": 0.16935483870967741, "k_correct": 0.035062870615051103, "length": 0.32314000476733401, "pos": 0.29931199709586898, "fclass": "secondary", "road": "Avenue Jean Chaubet", "limit": "50", "citycode": "toulouse", "lanes": 1.0, "linkid": 272.0, "long": 1.4749293, "lat": 43.6044444, "osmid": "31", "x": 1.4749293, "y": 43.6044444 }, "geometry": { "type": "Point", "coordinates": [ 1.4749293, 43.6044444 ] } },
{ "type": "Feature", "properties": { "detid": "401", "flow": 0.46774193548387094, "k_correct": 0.10348539796541563, "length": 0.31630745610351801, "pos": 0.30228113239503701, "fclass": "primary", "road": "Avenue Léon Blum", "limit": "50", "citycode": "toulouse", "lanes": 2.0, "linkid": 299.0, "long": 1.4613493, "lat": 43.6142985, "osmid": "401", "x": 1.4613493, "y": 43.6142985 }, "geometry": { "type": "Point", "coordinates": [ 1.4613493, 43.614298499999983 ] } },
{ "type": "Feature", "properties": { "detid": "93", "flow": 0.25806451612903225, "k_correct": 0.082009625178740012, "length": 0.27499461228142602, "pos": 0.26447423969234202, "fclass": "primary", "road": "Avenue Camille Pujol", "limit": "50", "citycode": "toulouse", "lanes": 1.0, "linkid": 317.0, "long": 1.4674634, "lat": 43.6006958, "osmid": "93", "x": 1.4674634, "y": 43.6006958 }, "geometry": { "type": "Point", "coordinates": [ 1.4674634, 43.6006958 ] } },
{ "type": "Feature", "properties": { "detid": "94", "flow": 0.13709677419354838, "k_correct": 0.03335026854454376, "length": 0.29747724754362298, "pos": 0.28815203043702398, "fclass": "primary", "road": "Avenue de Castres", "limit": "50", "citycode": "toulouse", "lanes": 1.0, "linkid": 315.0, "long": 1.4682278, "lat": 43.6006812, "osmid": "94", "x": 1.4682278, "y": 43.6006812 }, "geometry": { "type": "Point", "coordinates": [ 1.4682278, 43.6006812 ] } },
{ "type": "Feature", "properties": { "detid": "225", "flow": 0.29032258064516131, "k_correct": 0.036992231931415799, "length": 0.247072334668785, "pos": 0.235064356612151, "fclass": "primary", "road": "Avenue Camille Pujol", "limit": "50", "citycode": "toulouse", "lanes": 1.0, "linkid": 319.0, "long": 1.4610341, "lat": 43.601128, "osmid": "225", "x": 1.4610341, "y": 43.601128 }, "geometry": { "type": "Point", "coordinates": [ 1.4610341, 43.601128 ] } },
{ "type": "Feature", "properties": { "detid": "128", "flow": 0.2661290322580645, "k_correct": 0.060142463687221807, "length": 0.21205893072192, "pos": 0.20386425829063401, "fclass": "primary", "road": "Avenue de Castres", "limit": "50", "citycode": "toulouse", "lanes": 1.0, "linkid": 269.0, "long": 1.4784215, "lat": 43.5997586, "osmid": "128", "x": 1.4784215, "y": 43.5997586 }, "geometry": { "type": "Point", "coordinates": [ 1.4784215, 43.5997586 ] } },
{ "type": "Feature", "properties": { "detid": "129", "flow": 0.27419354838709675, "k_correct": 0.066242579570959623, "length": 0.358174839942764, "pos": 0.326430404277052, "fclass": "primary", "road": "Avenue de Castres", "limit": "50", "citycode": "toulouse", "lanes": 1.0, "linkid": 268.0, "long": 1.4786831, "lat": 43.5995692, "osmid": "129", "x": 1.4786831, "y": 43.5995692 }, "geometry": { "type": "Point", "coordinates": [ 1.4786831, 43.5995692 ] } },
{ "type": "Feature", "properties": { "detid": "390", "flow": 0.25806451612903225, "k_correct": 0.045431985265465942, "length": 0.42237054212188702, "pos": 0.38736136693683099, "fclass": "secondary", "road": "Boulevard des Crêtes", "limit": "50", "citycode": "toulouse", "lanes": 1.0, "linkid": 270.0, "long": 1.4761175, "lat": 43.6011115, "osmid": "390", "x": 1.4761175, "y": 43.6011115 }, "geometry": { "type": "Point", "coordinates": [ 1.4761175, 43.6011115 ] } },
{ "type": "Feature", "properties": { "detid": "130", "flow": 0.32258064516129031, "k_correct": 0.084011653858688473, "length": 0.36187714077413102, "pos": 0.35336715648621297, "fclass": "primary", "road": "Avenue de Castres", "limit": "50", "citycode": "toulouse", "lanes": 1.0, "linkid": 267.0, "long": 1.4816093, "lat": 43.5975374, "osmid": "130", "x": 1.4816093, "y": 43.5975374 }, "geometry": { "type": "Point", "coordinates": [ 1.4816093, 43.597537399999986 ] } },
{ "type": "Feature", "properties": { "detid": "131", "flow": 0.24193548387096775, "k_correct": 0.054929257010235308, "length": 0.13449155362979001, "pos": 0.12584533682570201, "fclass": "primary", "road": "Avenue de Castres", "limit": "50", "citycode": "toulouse", "lanes": 1.0, "linkid": 266.0, "long": 1.4817569, "lat": 43.5973277, "osmid": "131", "x": 1.4817569, "y": 43.5973277 }, "geometry": { "type": "Point", "coordinates": [ 1.4817569, 43.5973277 ] } },
{ "type": "Feature", "properties": { "detid": "125", "flow": 0.24193548387096775, "k_correct": 0.040218692103111152, "length": 0.17840534151915199, "pos": 0.16931605777678299, "fclass": "primary", "road": "Avenue de Castres", "limit": "50", "citycode": "toulouse", "lanes": 1.0, "linkid": 263.0, "long": 1.4831516, "lat": 43.5966517, "osmid": "125", "x": 1.4831516, "y": 43.5966517 }, "geometry": { "type": "Point", "coordinates": [ 1.4831516, 43.5966517 ] } },
{ "type": "Feature", "properties": { "detid": "133", "flow": 0.22580645161290322, "k_correct": 0.035515617399646961, "length": 0.25611400786242999, "pos": 0.23812550693005699, "fclass": "primary", "road": "Avenue de Castres", "limit": "0", "citycode": "toulouse", "lanes": 1.0, "linkid": 261.0, "long": 1.4854664, "lat": 43.5958145, "osmid": "133", "x": 1.4854664, "y": 43.5958145 }, "geometry": { "type": "Point", "coordinates": [ 1.4854664, 43.5958145 ] } },
{ "type": "Feature", "properties": { "detid": "124", "flow": 0.29032258064516131, "k_correct": 0.11310886367221097, "length": 0.136297724412132, "pos": 0.128574166422774, "fclass": "primary", "road": "Avenue de Castres", "limit": "50", "citycode": "toulouse", "lanes": 1.0, "linkid": 265.0, "long": 1.4830698, "lat": 43.5967333, "osmid": "124", "x": 1.4830698, "y": 43.5967333 }, "geometry": { "type": "Point", "coordinates": [ 1.4830698, 43.5967333 ] } },
{ "type": "Feature", "properties": { "detid": "132", "flow": 0.2661290322580645, "k_correct": 0.069814987712765619, "length": 0.18458183520201499, "pos": 0.17578496155392501, "fclass": "primary", "road": "Avenue de Castres", "limit": "0", "citycode": "toulouse", "lanes": 1.0, "linkid": 264.0, "long": 1.4851069, "lat": 43.5960009, "osmid": "132", "x": 1.4851069, "y": 43.5960009 }, "geometry": { "type": "Point", "coordinates": [ 1.4851069, 43.5960009 ] } },
{ "type": "Feature", "properties": { "detid": "730", "flow": 0.21370967741935484, "k_correct": 0.046392336882226853, "length": 0.32672034839103598, "pos": 0.31859622231507001, "fclass": "secondary", "road": "Avenue Jean Chaubet", "limit": "50", "citycode": "toulouse", "lanes": 1.0, "linkid": 273.0, "long": 1.4783947, "lat": 43.6051019, "osmid": "730", "x": 1.4783947, "y": 43.6051019 }, "geometry": { "type": "Point", "coordinates": [ 1.4783947, 43.6051019 ] } },
{ "type": "Feature", "properties": { "detid": "731", "flow": 0.16129032258064516, "k_correct": 0.023491954153686684, "length": 0.45272083753973902, "pos": 0.43323622778294801, "fclass": "tertiary", "road": "Avenue de la Gloire", "limit": "50", "citycode": "toulouse", "lanes": 1.0, "linkid": 276.0, "long": 1.4783076, "lat": 43.6051796, "osmid": "731", "x": 1.4783076, "y": 43.6051796 }, "geometry": { "type": "Point", "coordinates": [ 1.4783076, 43.605179599999985 ] } },
{ "type": "Feature", "properties": { "detid": "728", "flow": 0.37096774193548387, "k_correct": 0.21090716988185462, "length": 0.085156864240383004, "pos": 0.079389009284181994, "fclass": "secondary", "road": "Avenue Jean Chaubet", "limit": "0", "citycode": "toulouse", "lanes": 1.0, "linkid": 274.0, "long": 1.478844, "lat": 43.6050951, "osmid": "728", "x": 1.478844, "y": 43.6050951 }, "geometry": { "type": "Point", "coordinates": [ 1.478844, 43.6050951 ] } },
{ "type": "Feature", "properties": { "detid": "433", "flow": 0.41935483870967744, "k_correct": 0.042792290175265014, "length": 0.216983376354631, "pos": 0.20742424674010301, "fclass": "secondary", "road": "Avenue Jean Chaubet", "limit": "0", "citycode": "toulouse", "lanes": 2.0, "linkid": 280.0, "long": 1.4801394, "lat": 43.6053748, "osmid": "433", "x": 1.4801394, "y": 43.6053748 }, "geometry": { "type": "Point", "coordinates": [ 1.4801394, 43.6053748 ] } },
{ "type": "Feature", "properties": { "detid": "432", "flow": 0.41935483870967744, "k_correct": 0.18667286834185343, "length": 0.083941421055476001, "pos": 0.075081321631793999, "fclass": "secondary", "road": "Avenue Jean Chaubet", "limit": "0", "citycode": "toulouse", "lanes": 2.0, "linkid": 275.0, "long": 1.4797023, "lat": 43.6053029, "osmid": "432", "x": 1.4797023, "y": 43.6053029 }, "geometry": { "type": "Point", "coordinates": [ 1.4797023, 43.6053029 ] } },
{ "type": "Feature", "properties": { "detid": "121", "flow": 0.12903225806451613, "k_correct": 0.016104227926479434, "length": 0.55297052787784196, "pos": 0.53308369213935902, "fclass": "tertiary", "road": "Rue Louis Plana", "limit": "0", "citycode": "toulouse", "lanes": 1.0, "linkid": 291.0, "long": 1.4730799, "lat": 43.6163725, "osmid": "121", "x": 1.4730799, "y": 43.6163725 }, "geometry": { "type": "Point", "coordinates": [ 1.4730799, 43.6163725 ] } },
{ "type": "Feature", "properties": { "detid": "434", "flow": 0.55645161290322576, "k_correct": 0.11760183663732371, "length": 0.11253949669077599, "pos": 0.099867775258207003, "fclass": "secondary", "road": "Avenue Jean Chaubet", "limit": "0", "citycode": "toulouse", "lanes": 2.0, "linkid": 283.0, "long": 1.4828002, "lat": 43.6063944, "osmid": "434", "x": 1.4828002, "y": 43.6063944 }, "geometry": { "type": "Point", "coordinates": [ 1.4828002, 43.6063944 ] } },
{ "type": "Feature", "properties": { "detid": "794", "flow": 0.17741935483870969, "k_correct": 0.036707734429238345, "length": 0.80157415117517505, "pos": 0.17435415549625199, "fclass": "tertiary", "road": "Rue Louis Plana", "limit": "0", "citycode": "toulouse", "lanes": 1.0, "linkid": 289.0, "long": 1.4812231, "lat": 43.6077733, "osmid": "794", "x": 1.4812231, "y": 43.6077733 }, "geometry": { "type": "Point", "coordinates": [ 1.4812231, 43.6077733 ] } },
{ "type": "Feature", "properties": { "detid": "238", "flow": 0.42741935483870969, "k_correct": 0.052764972257309063, "length": 0.219285089452533, "pos": 0.21172046443203499, "fclass": "secondary", "road": "Avenue Jean Chaubet", "limit": "0", "citycode": "toulouse", "lanes": 2.0, "linkid": 281.0, "long": 1.4823523, "lat": 43.6063167, "osmid": "238", "x": 1.4823523, "y": 43.6063167 }, "geometry": { "type": "Point", "coordinates": [ 1.4823523, 43.6063167 ] } },
{ "type": "Feature", "properties": { "detid": "30", "flow": 0.52419354838709675, "k_correct": 0.13621108122927919, "length": 0.13025501248845101, "pos": 0.115827135496313, "fclass": "secondary", "road": "Avenue Jean Chaubet", "limit": "0", "citycode": "toulouse", "lanes": 2.0, "linkid": 282.0, "long": 1.4839455, "lat": 43.6069285, "osmid": "30", "x": 1.4839455, "y": 43.6069285 }, "geometry": { "type": "Point", "coordinates": [ 1.4839455, 43.6069285 ] } },
{ "type": "Feature", "properties": { "detid": "205", "flow": 0.54838709677419351, "k_correct": 0.017002531932436147, "length": 0.26291418244630599, "pos": 0.169485783746471, "fclass": "secondary", "road": "Route d'Agde", "limit": "0", "citycode": "toulouse", "lanes": 3.0, "linkid": 397.0, "long": 1.4813089, "lat": 43.6290107, "osmid": "205", "x": 1.4813089, "y": 43.6290107 }, "geometry": { "type": "Point", "coordinates": [ 1.4813089, 43.629010699999988 ] } },
{ "type": "Feature", "properties": { "detid": "192", "flow": 0.16935483870967741, "k_correct": 0.058502572171487438, "length": 0.072516490832457994, "pos": 0.056032507087782998, "fclass": "secondary", "road": "Route d'Agde", "limit": "0", "citycode": "toulouse", "lanes": 1.0, "linkid": 402.0, "long": 1.4790961, "lat": 43.6280127, "osmid": "192", "x": 1.4790961, "y": 43.6280127 }, "geometry": { "type": "Point", "coordinates": [ 1.4790961, 43.6280127 ] } },
{ "type": "Feature", "properties": { "detid": "191", "flow": 0.34677419354838712, "k_correct": 0.70769720523783008, "length": 0.069294325124964001, "pos": 0.048095940715468001, "fclass": "secondary", "road": "Route d'Agde", "limit": "0", "citycode": "toulouse", "lanes": 1.0, "linkid": 403.0, "long": 1.47816, "lat": 43.6274691, "osmid": "191", "x": 1.47816, "y": 43.6274691 }, "geometry": { "type": "Point", "coordinates": [ 1.47816, 43.627469099999985 ] } },
{ "type": "Feature", "properties": { "detid": "1349", "flow": 0.55645161290322576, "k_correct": 0.06830592374448527, "length": 0.078495923579826002, "pos": 0.067036700742236, "fclass": "secondary", "road": "Route d'Agde", "limit": "0", "citycode": "toulouse", "lanes": 3.0, "linkid": 404.0, "long": 1.4778408, "lat": 43.6267818, "osmid": "1349", "x": 1.4778408, "y": 43.6267818 }, "geometry": { "type": "Point", "coordinates": [ 1.4778408, 43.6267818 ] } },
{ "type": "Feature", "properties": { "detid": "195", "flow": 0.27419354838709675, "k_correct": 0.3248149167192852, "length": 0.069664455378972007, "pos": 0.049341950852091997, "fclass": "secondary", "road": "Route d'Agde", "limit": "0", "citycode": "toulouse", "lanes": 1.0, "linkid": 401.0, "long": 1.4789472, "lat": 43.6272672, "osmid": "195", "x": 1.4789472, "y": 43.6272672 }, "geometry": { "type": "Point", "coordinates": [ 1.4789472, 43.6272672 ] } },
{ "type": "Feature", "properties": { "detid": "338", "flow": 0.44354838709677419, "k_correct": 0.11922749085692279, "length": 0.24989585762871899, "pos": 0.21687986724937899, "fclass": "primary", "road": "Route d'Agde", "limit": "0", "citycode": "toulouse", "lanes": 2.0, "linkid": 405.0, "long": 1.4768967, "lat": 43.626677, "osmid": "338", "x": 1.4768967, "y": 43.626677 }, "geometry": { "type": "Point", "coordinates": [ 1.4768967, 43.626677 ] } },
{ "type": "Feature", "properties": { "detid": "70", "flow": 0.12096774193548387, "k_correct": 0.0065052246039300245, "length": 0.20252056426901499, "pos": 0.18833676777247699, "fclass": "secondary", "road": "Avenue d'Atlanta", "limit": "0", "citycode": "toulouse", "lanes": 2.0, "linkid": 418.0, "long": 1.4764514, "lat": 43.6292611, "osmid": "70", "x": 1.4764514, "y": 43.6292611 }, "geometry": { "type": "Point", "coordinates": [ 1.4764514, 43.6292611 ] } },
{ "type": "Feature", "properties": { "detid": "202", "flow": 0.5161290322580645, "k_correct": 0.24684510600538909, "length": 0.26395411430308002, "pos": 0.25496613319371603, "fclass": "primary", "road": "Route d'Agde", "limit": "50", "citycode": "toulouse", "lanes": 1.0, "linkid": 408.0, "long": 1.4750044, "lat": 43.625016, "osmid": "202", "x": 1.4750044, "y": 43.625016 }, "geometry": { "type": "Point", "coordinates": [ 1.4750044, 43.625016 ] } },
{ "type": "Feature", "properties": { "detid": "203", "flow": 0.45161290322580644, "k_correct": 0.1599128034257549, "length": 0.25091003801058098, "pos": 0.23919481354708999, "fclass": "primary", "road": "Route d'Agde", "limit": "50", "citycode": "toulouse", "lanes": 1.0, "linkid": 406.0, "long": 1.4752592, "lat": 43.6251626, "osmid": "203", "x": 1.4752592, "y": 43.6251626 }, "geometry": { "type": "Point", "coordinates": [ 1.4752592, 43.62516260000001 ] } },
{ "type": "Feature", "properties": { "detid": "113", "flow": 0.30645161290322581, "k_correct": 0.024650738320816663, "length": 0.272602534626602, "pos": 0.202231513537173, "fclass": "primary", "road": "Avenue Yves Brunaud", "limit": "50", "citycode": "toulouse", "lanes": 1.0, "linkid": 411.0, "long": 1.4695689, "lat": 43.6208677, "osmid": "113", "x": 1.4695689, "y": 43.6208677 }, "geometry": { "type": "Point", "coordinates": [ 1.4695689, 43.6208677 ] } },
{ "type": "Feature", "properties": { "detid": "116", "flow": 0.12903225806451613, "k_correct": 0.01264758461168693, "length": 0.56440613424039598, "pos": 0.55105039464078398, "fclass": "primary", "road": "Rue du Faubourg Bonnefoy", "limit": "50", "citycode": "toulouse", "lanes": 1.0, "linkid": 446.0, "long": 1.4580247, "lat": 43.6214774, "osmid": "116", "x": 1.4580247, "y": 43.6214774 }, "geometry": { "type": "Point", "coordinates": [ 1.4580247, 43.621477399999989 ] } },
{ "type": "Feature", "properties": { "detid": "117", "flow": 0.24193548387096775, "k_correct": 0.044526484359754537, "length": 0.232622320958701, "pos": 0.22503974785193401, "fclass": "primary", "road": "Rue du Faubourg Bonnefoy", "limit": "50", "citycode": "toulouse", "lanes": 1.0, "linkid": 447.0, "long": 1.4577886, "lat": 43.6211687, "osmid": "117", "x": 1.4577886, "y": 43.6211687 }, "geometry": { "type": "Point", "coordinates": [ 1.4577886, 43.6211687 ] } },
{ "type": "Feature", "properties": { "detid": "591", "flow": 0.38709677419354838, "k_correct": 0.10273234067980336, "length": 0.36958139571207599, "pos": 0.36111593424121202, "fclass": "primary", "road": "Avenue Yves Brunaud", "limit": "50", "citycode": "toulouse", "lanes": 2.0, "linkid": 413.0, "long": 1.4687267, "lat": 43.619524, "osmid": "591", "x": 1.4687267, "y": 43.619524 }, "geometry": { "type": "Point", "coordinates": [ 1.4687267, 43.619524 ] } },
{ "type": "Feature", "properties": { "detid": "212", "flow": 0.37096774193548387, "k_correct": 0.045729905788212254, "length": 0.158960156868069, "pos": 0.14538863579751701, "fclass": "primary", "road": "Avenue Yves Brunaud", "limit": "50", "citycode": "toulouse", "lanes": 2.0, "linkid": 415.0, "long": 1.4653256, "lat": 43.6169997, "osmid": "212", "x": 1.4653256, "y": 43.6169997 }, "geometry": { "type": "Point", "coordinates": [ 1.4653256, 43.616999700000015 ] } },
{ "type": "Feature", "properties": { "detid": "409", "flow": 0.50403225806451613, "k_correct": 0.094656277810756861, "length": 0.115412115530547, "pos": 0.100533448387072, "fclass": "primary", "road": "Avenue Georges Pompidou", "limit": "50", "citycode": "toulouse", "lanes": 2.0, "linkid": 300.0, "long": 1.4584203, "lat": 43.6123391, "osmid": "409", "x": 1.4584203, "y": 43.6123391 }, "geometry": { "type": "Point", "coordinates": [ 1.4584203, 43.6123391 ] } },
{ "type": "Feature", "properties": { "detid": "408", "flow": 0.2661290322580645, "k_correct": 0.057380106514306965, "length": 0.30844742628091099, "pos": 0.29280300868822501, "fclass": "primary", "road": "Avenue Georges Pompidou", "limit": "50", "citycode": "toulouse", "lanes": 2.0, "linkid": 302.0, "long": 1.458757, "lat": 43.6124488, "osmid": "408", "x": 1.458757, "y": 43.6124488 }, "geometry": { "type": "Point", "coordinates": [ 1.458757, 43.61244880000001 ] } },
{ "type": "Feature", "properties": { "detid": "404", "flow": 0.62096774193548387, "k_correct": 0.49716324078487129, "length": 0.18641862893952599, "pos": 0.15806182357954501, "fclass": "primary", "road": "Boulevard de Marengo", "limit": "50", "citycode": "toulouse", "lanes": 3.0, "linkid": 458.0, "long": 1.456233, "lat": 43.6115856, "osmid": "404", "x": 1.456233, "y": 43.6115856 }, "geometry": { "type": "Point", "coordinates": [ 1.456233, 43.6115856 ] } },
{ "type": "Feature", "properties": { "detid": "406", "flow": 0.41935483870967744, "k_correct": 0.10311752304896911, "length": 0.095729519080132996, "pos": 0.072190904540843995, "fclass": "primary", "road": "Boulevard de Marengo", "limit": "50", "citycode": "toulouse", "lanes": 2.0, "linkid": 455.0, "long": 1.4574413, "lat": 43.6109224, "osmid": "406", "x": 1.4574413, "y": 43.6109224 }, "geometry": { "type": "Point", "coordinates": [ 1.4574413, 43.6109224 ] } },
{ "type": "Feature", "properties": { "detid": "257", "flow": 0.16935483870967741, "k_correct": 0.0068012133392925805, "length": 0.19736875884664401, "pos": 0.18172385039988501, "fclass": "secondary", "road": "Avenue d'Atlanta", "limit": "0", "citycode": "toulouse", "lanes": 1.0, "linkid": 419.0, "long": 1.475561, "lat": 43.6307249, "osmid": "257", "x": 1.475561, "y": 43.6307249 }, "geometry": { "type": "Point", "coordinates": [ 1.475561, 43.6307249 ] } },
{ "type": "Feature", "properties": { "detid": "256", "flow": 0.10483870967741936, "k_correct": 0.013618552820086362, "length": 0.50932876490425305, "pos": 0.49356135262943501, "fclass": "secondary", "road": "Avenue d'Atlanta", "limit": "0", "citycode": "toulouse", "lanes": 2.0, "linkid": 420.0, "long": 1.4753625, "lat": 43.6313112, "osmid": "256", "x": 1.4753625, "y": 43.6313112 }, "geometry": { "type": "Point", "coordinates": [ 1.4753625, 43.6313112 ] } },
{ "type": "Feature", "properties": { "detid": "1227", "flow": 0.19354838709677419, "k_correct": 0.033597256748513549, "length": 0.17926551636607099, "pos": 0.16798383835889499, "fclass": "tertiary", "road": "Avenue Maurice Bourgès-Maunoury", "limit": "0", "citycode": "toulouse", "lanes": 1.0, "linkid": 479.0, "long": 1.4527434, "lat": 43.6369487, "osmid": "1227", "x": 1.4527434, "y": 43.6369487 }, "geometry": { "type": "Point", "coordinates": [ 1.4527434, 43.6369487 ] } },
{ "type": "Feature", "properties": { "detid": "1412", "flow": 0.13709677419354838, "k_correct": 0.023672889558481777, "length": 0.16111617508732301, "pos": 0.12749517258318499, "fclass": "tertiary", "road": "Avenue Maurice Bourgès-Maunoury", "limit": "0", "citycode": "toulouse", "lanes": 1.0, "linkid": 482.0, "long": 1.4527917, "lat": 43.6374573, "osmid": "1412", "x": 1.4527917, "y": 43.6374573 }, "geometry": { "type": "Point", "coordinates": [ 1.4527917, 43.6374573 ] } },
{ "type": "Feature", "properties": { "detid": "213", "flow": 0.22580645161290322, "k_correct": 0.10292829286794837, "length": 0.12786349242190201, "pos": 0.11462648274822, "fclass": "primary", "road": "Route d'Albi", "limit": "50", "citycode": "toulouse", "lanes": 1.0, "linkid": 433.0, "long": 1.4668626, "lat": 43.6416695, "osmid": "213", "x": 1.4668626, "y": 43.6416695 }, "geometry": { "type": "Point", "coordinates": [ 1.4668626, 43.6416695 ] } },
{ "type": "Feature", "properties": { "detid": "437", "flow": 0.89516129032258063, "k_correct": 0.033358274036560255, "length": 0.210451775937575, "pos": 0.16821023669023399, "fclass": "primary", "road": "Route d'Albi", "limit": "0", "citycode": "toulouse", "lanes": 3.0, "linkid": 426.0, "long": 1.4700249, "lat": 43.646716, "osmid": "437", "x": 1.4700249, "y": 43.646716 }, "geometry": { "type": "Point", "coordinates": [ 1.4700249, 43.646716 ] } },
{ "type": "Feature", "properties": { "detid": "75", "flow": 0.56451612903225812, "k_correct": 0.43213401983187577, "length": 0.14452601578970001, "pos": 0.13805336118289899, "fclass": "primary", "road": "Route d'Albi", "limit": "0", "citycode": "toulouse", "lanes": 2.0, "linkid": 427.0, "long": 1.4690566, "lat": 43.6451613, "osmid": "75", "x": 1.4690566, "y": 43.6451613 }, "geometry": { "type": "Point", "coordinates": [ 1.4690566, 43.6451613 ] } },
{ "type": "Feature", "properties": { "detid": "194", "flow": 0.23387096774193547, "k_correct": 0.022772630236555211, "length": 0.20796270183297799, "pos": 0.17843493361474, "fclass": "primary", "road": "Route d'Albi", "limit": "50", "citycode": "toulouse", "lanes": 1.0, "linkid": 436.0, "long": 1.4660673, "lat": 43.640269, "osmid": "194", "x": 1.4660673, "y": 43.640269 }, "geometry": { "type": "Point", "coordinates": [ 1.4660673, 43.640269 ] } },
{ "type": "Feature", "properties": { "detid": "180", "flow": 0.29032258064516131, "k_correct": 0.097885205720018062, "length": 0.122962622380364, "pos": 0.092873705610484997, "fclass": "primary", "road": "Route d'Albi", "limit": "50", "citycode": "toulouse", "lanes": 1.0, "linkid": 434.0, "long": 1.4664897, "lat": 43.6409067, "osmid": "180", "x": 1.4664897, "y": 43.6409067 }, "geometry": { "type": "Point", "coordinates": [ 1.4664897, 43.6409067 ] } },
{ "type": "Feature", "properties": { "detid": "181", "flow": 0.25, "k_correct": 0.072430751671995947, "length": 0.14861076805457299, "pos": 0.13433224643444799, "fclass": "primary", "road": "Route d'Albi", "limit": "50", "citycode": "toulouse", "lanes": 1.0, "linkid": 437.0, "long": 1.465209, "lat": 43.638425, "osmid": "181", "x": 1.465209, "y": 43.638425 }, "geometry": { "type": "Point", "coordinates": [ 1.465209, 43.638425 ] } },
{ "type": "Feature", "properties": { "detid": "13", "flow": 0.18548387096774194, "k_correct": 0.063736775384050495, "length": 0.117216964575088, "pos": 0.10680255204686, "fclass": "primary", "road": "Route d'Albi", "limit": "50", "citycode": "toulouse", "lanes": 1.0, "linkid": 440.0, "long": 1.464584, "lat": 43.6370943, "osmid": "13", "x": 1.464584, "y": 43.6370943 }, "geometry": { "type": "Point", "coordinates": [ 1.464584, 43.6370943 ] } },
{ "type": "Feature", "properties": { "detid": "1132", "flow": 0.33870967741935482, "k_correct": 0.13093890367799677, "length": 0.11839880074215201, "pos": 0.092904114980488006, "fclass": "primary", "road": "Route d'Albi", "limit": "50", "citycode": "toulouse", "lanes": 1.0, "linkid": 439.0, "long": 1.4643064, "lat": 43.6363702, "osmid": "1132", "x": 1.4643064, "y": 43.6363702 }, "geometry": { "type": "Point", "coordinates": [ 1.4643064, 43.636370199999988 ] } },
{ "type": "Feature", "properties": { "detid": "14", "flow": 0.25806451612903225, "k_correct": 0.053816436779178856, "length": 0.13704335394919101, "pos": 0.11235496856932201, "fclass": "primary", "road": "Route d'Albi", "limit": "50", "citycode": "toulouse", "lanes": 1.0, "linkid": 438.0, "long": 1.4648455, "lat": 43.6375213, "osmid": "14", "x": 1.4648455, "y": 43.6375213 }, "geometry": { "type": "Point", "coordinates": [ 1.4648455, 43.6375213 ] } },
{ "type": "Feature", "properties": { "detid": "184", "flow": 0.11290322580645161, "k_correct": 0.016564078322369637, "length": 0.40745922182787098, "pos": 0.39126631716549498, "fclass": "primary", "road": "Route d'Albi", "limit": "50", "citycode": "toulouse", "lanes": 1.0, "linkid": 441.0, "long": 1.4628191, "lat": 43.6320965, "osmid": "184", "x": 1.4628191, "y": 43.6320965 }, "geometry": { "type": "Point", "coordinates": [ 1.4628191, 43.6320965 ] } },
{ "type": "Feature", "properties": { "detid": "513", "flow": 0.18548387096774194, "k_correct": 0.033467726715491732, "length": 0.41208272078258801, "pos": 0.40435499960530902, "fclass": "primary", "road": "Route d'Albi", "limit": "50", "citycode": "toulouse", "lanes": 1.0, "linkid": 442.0, "long": 1.4638625, "lat": 43.6355151, "osmid": "513", "x": 1.4638625, "y": 43.6355151 }, "geometry": { "type": "Point", "coordinates": [ 1.4638625, 43.635515099999985 ] } },
{ "type": "Feature", "properties": { "detid": "183", "flow": 0.13709677419354838, "k_correct": 0.027306335203036724, "length": 0.34250831647991198, "pos": 0.33023367358425598, "fclass": "primary", "road": "Route d'Albi", "limit": "50", "citycode": "toulouse", "lanes": 1.0, "linkid": 444.0, "long": 1.4606666, "lat": 43.6287661, "osmid": "183", "x": 1.4606666, "y": 43.6287661 }, "geometry": { "type": "Point", "coordinates": [ 1.4606666, 43.6287661 ] } },
{ "type": "Feature", "properties": { "detid": "182", "flow": 0.16935483870967741, "k_correct": 0.03323227273937731, "length": 0.34217857065427798, "pos": 0.332270048798537, "fclass": "primary", "road": "Route d'Albi", "limit": "50", "citycode": "toulouse", "lanes": 1.0, "linkid": 443.0, "long": 1.4623873, "lat": 43.6314209, "osmid": "182", "x": 1.4623873, "y": 43.6314209 }, "geometry": { "type": "Point", "coordinates": [ 1.4623873, 43.6314209 ] } },
{ "type": "Feature", "properties": { "detid": "680", "flow": 0.20967741935483872, "k_correct": 0.058365322789359221, "length": 0.27743182502688701, "pos": 0.26092222805688298, "fclass": "primary", "road": "Route d'Albi", "limit": "50", "citycode": "toulouse", "lanes": 1.0, "linkid": 445.0, "long": 1.460326, "lat": 43.6285049, "osmid": "680", "x": 1.460326, "y": 43.6285049 }, "geometry": { "type": "Point", "coordinates": [ 1.460326, 43.6285049 ] } },
{ "type": "Feature", "properties": { "detid": "18", "flow": 0.14516129032258066, "k_correct": 0.024587044754289501, "length": 0.21465139591704599, "pos": 0.20560590624990699, "fclass": "primary", "road": "Rue du Faubourg Bonnefoy", "limit": "50", "citycode": "toulouse", "lanes": 1.0, "linkid": 449.0, "long": 1.4551547, "lat": 43.6177949, "osmid": "18", "x": 1.4551547, "y": 43.6177949 }, "geometry": { "type": "Point", "coordinates": [ 1.4551547, 43.6177949 ] } },
{ "type": "Feature", "properties": { "detid": "442", "flow": 0.29032258064516131, "k_correct": 0.8956218638651392, "length": 0.061208529425856001, "pos": 0.055014004979567002, "fclass": "primary", "road": "Rue du Faubourg Bonnefoy", "limit": "50", "citycode": "toulouse", "lanes": 1.0, "linkid": 453.0, "long": 1.4539061, "lat": 43.6167366, "osmid": "442", "x": 1.4539061, "y": 43.6167366 }, "geometry": { "type": "Point", "coordinates": [ 1.4539061, 43.6167366 ] } },
{ "type": "Feature", "properties": { "detid": "458", "flow": 0.46774193548387094, "k_correct": 0.076051010851193146, "length": 0.18454703280512799, "pos": 0.171813527472682, "fclass": "primary", "road": "Avenue de Lyon", "limit": "50", "citycode": "toulouse", "lanes": 2.0, "linkid": 450.0, "long": 1.4523572, "lat": 43.6154113, "osmid": "458", "x": 1.4523572, "y": 43.6154113 }, "geometry": { "type": "Point", "coordinates": [ 1.4523572, 43.6154113 ] } },
{ "type": "Feature", "properties": { "detid": "320", "flow": 0.16935483870967741, "k_correct": 0.04966314822259197, "length": 0.38077127515002701, "pos": 0.27861873347215399, "fclass": "tertiary", "road": "Avenue Maurice Bourgès-Maunoury", "limit": "0", "citycode": "toulouse", "lanes": 1.0, "linkid": 477.0, "long": 1.4519227, "lat": 43.6343397, "osmid": "320", "x": 1.4519227, "y": 43.6343397 }, "geometry": { "type": "Point", "coordinates": [ 1.4519227, 43.6343397 ] } },
{ "type": "Feature", "properties": { "detid": "1443", "flow": 0.20967741935483872, "k_correct": 0.027537131868984991, "length": 0.31923766202571802, "pos": 0.22154245904905101, "fclass": "tertiary", "road": "Avenue Maurice Bourgès-Maunoury", "limit": "0", "citycode": "toulouse", "lanes": 1.0, "linkid": 475.0, "long": 1.4495623, "lat": 43.6309598, "osmid": "1443", "x": 1.4495623, "y": 43.6309598 }, "geometry": { "type": "Point", "coordinates": [ 1.4495623, 43.6309598 ] } },
{ "type": "Feature", "properties": { "detid": "314", "flow": 0.25, "k_correct": 0.040408637775541517, "length": 0.177656333208916, "pos": 0.16445169094546, "fclass": "tertiary", "road": "Avenue Maurice Bourgès-Maunoury", "limit": "0", "citycode": "toulouse", "lanes": 1.0, "linkid": 492.0, "long": 1.4476821, "lat": 43.6282273, "osmid": "314", "x": 1.4476821, "y": 43.6282273 }, "geometry": { "type": "Point", "coordinates": [ 1.4476821, 43.6282273 ] } },
{ "type": "Feature", "properties": { "detid": "21", "flow": 0.19758064516129031, "k_correct": 0.027849842471004263, "length": 0.51745661284711297, "pos": 0.50640585489467804, "fclass": "tertiary", "road": "Rue Ernest Renan", "limit": "50", "citycode": "toulouse", "lanes": 1.0, "linkid": 472.0, "long": 1.4438895, "lat": 43.6357354, "osmid": "21", "x": 1.4438895, "y": 43.6357354 }, "geometry": { "type": "Point", "coordinates": [ 1.4438895, 43.6357354 ] } },
{ "type": "Feature", "properties": { "detid": "1228", "flow": 0.096774193548387094, "k_correct": 0.014558838331772636, "length": 0.17762612716392201, "pos": 0.16683542544256399, "fclass": "tertiary", "road": "Avenue Maurice Bourgès-Maunoury", "limit": "0", "citycode": "toulouse", "lanes": 1.0, "linkid": 491.0, "long": 1.4460379, "lat": 43.6274565, "osmid": "1228", "x": 1.4460379, "y": 43.6274565 }, "geometry": { "type": "Point", "coordinates": [ 1.4460379, 43.6274565 ] } },
{ "type": "Feature", "properties": { "detid": "1355", "flow": 0.47983870967741937, "k_correct": 0.082582948645996454, "length": 0.11164908244613, "pos": 0.100630488170862, "fclass": "tertiary", "road": "Rue Marie-Claire de Catellan", "limit": "50", "citycode": "toulouse", "lanes": 2.0, "linkid": 494.0, "long": 1.4454612, "lat": 43.627275, "osmid": "1355", "x": 1.4454612, "y": 43.627275 }, "geometry": { "type": "Point", "coordinates": [ 1.4454612, 43.627275 ] } },
{ "type": "Feature", "properties": { "detid": "1446", "flow": 0.10483870967741936, "k_correct": 0.017340900150452303, "length": 0.15534144544704501, "pos": 0.141367043271135, "fclass": "tertiary", "road": "Avenue Maurice Bourgès-Maunoury", "limit": "0", "citycode": "toulouse", "lanes": 1.0, "linkid": 493.0, "long": 1.4480133, "lat": 43.6283253, "osmid": "1446", "x": 1.4480133, "y": 43.6283253 }, "geometry": { "type": "Point", "coordinates": [ 1.4480133, 43.628325299999986 ] } },
{ "type": "Feature", "properties": { "detid": "22", "flow": 0.13709677419354838, "k_correct": 0.025635488781120579, "length": 0.36598724545681299, "pos": 0.34613813695423501, "fclass": "tertiary", "road": "Chemin des Izards", "limit": "50", "citycode": "toulouse", "lanes": 1.0, "linkid": 471.0, "long": 1.444167, "lat": 43.6369759, "osmid": "22", "x": 1.444167, "y": 43.6369759 }, "geometry": { "type": "Point", "coordinates": [ 1.444167, 43.6369759 ] } },
{ "type": "Feature", "properties": { "detid": "153", "flow": 0.19354838709677419, "k_correct": 0.043671529447419755, "length": 0.30443956540587003, "pos": 0.29371367441458701, "fclass": "secondary", "road": "Route de Launaguet", "limit": "50", "citycode": "toulouse", "lanes": 1.0, "linkid": 469.0, "long": 1.4384446, "lat": 43.634031, "osmid": "153", "x": 1.4384446, "y": 43.634031 }, "geometry": { "type": "Point", "coordinates": [ 1.4384446, 43.634031 ] } },
{ "type": "Feature", "properties": { "detid": "154", "flow": 0.20161290322580644, "k_correct": 0.06901139582533973, "length": 0.26522658167271801, "pos": 0.25746910905249598, "fclass": "secondary", "road": "Route de Launaguet", "limit": "50", "citycode": "toulouse", "lanes": 1.0, "linkid": 470.0, "long": 1.4386082, "lat": 43.6335515, "osmid": "154", "x": 1.4386082, "y": 43.6335515 }, "geometry": { "type": "Point", "coordinates": [ 1.4386082, 43.6335515 ] } },
{ "type": "Feature", "properties": { "detid": "651", "flow": 0.41129032258064518, "k_correct": 0.14686574787154749, "length": 0.249782236155666, "pos": 0.23393079156049201, "fclass": "secondary", "road": "Boulevard Pierre et Marie Curie", "limit": "50", "citycode": "toulouse", "lanes": 1.0, "linkid": 499.0, "long": 1.4368138, "lat": 43.6262712, "osmid": "651", "x": 1.4368138, "y": 43.6262712 }, "geometry": { "type": "Point", "coordinates": [ 1.4368138, 43.6262712 ] } },
{ "type": "Feature", "properties": { "detid": "198", "flow": 0.17741935483870969, "k_correct": 0.045517603605775898, "length": 0.091217366696308005, "pos": 0.081046035491651, "fclass": "primary", "road": "Avenue des Minimes", "limit": "0", "citycode": "toulouse", "lanes": 1.0, "linkid": 532.0, "long": 1.4341664, "lat": 43.6251315, "osmid": "198", "x": 1.4341664, "y": 43.6251315 }, "geometry": { "type": "Point", "coordinates": [ 1.4341664, 43.6251315 ] } },
{ "type": "Feature", "properties": { "detid": "1429", "flow": 0.52419354838709675, "k_correct": 0.13547305524703684, "length": 0.090021361768247002, "pos": 0.082712973055885, "fclass": "primary", "road": "Avenue des Minimes", "limit": "50", "citycode": "toulouse", "lanes": 2.0, "linkid": 537.0, "long": 1.4368701, "lat": 43.6171356, "osmid": "1429", "x": 1.4368701, "y": 43.6171356 }, "geometry": { "type": "Point", "coordinates": [ 1.4368701, 43.6171356 ] } },
{ "type": "Feature", "properties": { "detid": "199", "flow": 0.20967741935483872, "k_correct": 0.049462811861591974, "length": 0.29993745268668098, "pos": 0.29444550601418601, "fclass": "primary", "road": "Avenue des Minimes", "limit": "50", "citycode": "toulouse", "lanes": 1.0, "linkid": 533.0, "long": 1.434094, "lat": 43.6249898, "osmid": "199", "x": 1.434094, "y": 43.6249898 }, "geometry": { "type": "Point", "coordinates": [ 1.434094, 43.6249898 ] } },
{ "type": "Feature", "properties": { "detid": "148", "flow": 0.37903225806451613, "k_correct": 0.096658224043953717, "length": 0.288849988328232, "pos": 0.27981801233305598, "fclass": "secondary", "road": "Boulevard Silvio Trentin", "limit": "50", "citycode": "toulouse", "lanes": 2.0, "linkid": 519.0, "long": 1.4279678, "lat": 43.6239112, "osmid": "148", "x": 1.4279678, "y": 43.6239112 }, "geometry": { "type": "Point", "coordinates": [ 1.4279678, 43.6239112 ] } },
{ "type": "Feature", "properties": { "detid": "149", "flow": 0.66129032258064513, "k_correct": 0.079791787286322718, "length": 0.189957805253477, "pos": 0.17520553319926299, "fclass": "secondary", "road": "Boulevard Silvio Trentin", "limit": "50", "citycode": "toulouse", "lanes": 2.0, "linkid": 520.0, "long": 1.4274743, "lat": 43.6237045, "osmid": "149", "x": 1.4274743, "y": 43.6237045 }, "geometry": { "type": "Point", "coordinates": [ 1.4274743, 43.623704499999988 ] } },
{ "type": "Feature", "properties": { "detid": "219", "flow": 0.17741935483870969, "k_correct": 0.030035683811924032, "length": 0.41176990825133403, "pos": 0.38866059181838902, "fclass": "primary", "road": "Avenue des États-Unis", "limit": "50", "citycode": "toulouse", "lanes": 1.0, "linkid": 501.0, "long": 1.4328508, "lat": 43.6293688, "osmid": "219", "x": 1.4328508, "y": 43.6293688 }, "geometry": { "type": "Point", "coordinates": [ 1.4328508, 43.6293688 ] } },
{ "type": "Feature", "properties": { "detid": "313", "flow": 0.16129032258064516, "k_correct": 0.046953161447224702, "length": 0.32173328608396501, "pos": 0.29857828179961499, "fclass": "tertiary", "road": "Avenue de Fronton", "limit": "50", "citycode": "toulouse", "lanes": 1.0, "linkid": 509.0, "long": 1.4333859, "lat": 43.6337107, "osmid": "313", "x": 1.4333859, "y": 43.6337107 }, "geometry": { "type": "Point", "coordinates": [ 1.4333859, 43.6337107 ] } },
{ "type": "Feature", "properties": { "detid": "667", "flow": 0.23387096774193547, "k_correct": 0.014026138645383658, "length": 0.24352407440203599, "pos": 0.20472724682517199, "fclass": "secondary", "road": "Boulevard Silvio Trentin", "limit": "50", "citycode": "toulouse", "lanes": 2.0, "linkid": 517.0, "long": 1.4314628, "lat": 43.6257625, "osmid": "667", "x": 1.4314628, "y": 43.6257625 }, "geometry": { "type": "Point", "coordinates": [ 1.4314628, 43.6257625 ] } },
{ "type": "Feature", "properties": { "detid": "143", "flow": 0.41935483870967744, "k_correct": 0.27480635679815102, "length": 0.073910390132104001, "pos": 0.048176593147953001, "fclass": "secondary", "road": "Boulevard de Suisse", "limit": "50", "citycode": "toulouse", "lanes": 1.0, "linkid": 522.0, "long": 1.425181, "lat": 43.6219997, "osmid": "143", "x": 1.425181, "y": 43.6219997 }, "geometry": { "type": "Point", "coordinates": [ 1.425181, 43.621999699999989 ] } },
{ "type": "Feature", "properties": { "detid": "1214", "flow": 0.33870967741935482, "k_correct": 0.062923391155626507, "length": 0.186409258456468, "pos": 0.17336219653499599, "fclass": "secondary", "road": "Boulevard Silvio Trentin", "limit": "50", "citycode": "toulouse", "lanes": 1.0, "linkid": 521.0, "long": 1.4258502, "lat": 43.6227793, "osmid": "1214", "x": 1.4258502, "y": 43.6227793 }, "geometry": { "type": "Point", "coordinates": [ 1.4258502, 43.6227793 ] } },
{ "type": "Feature", "properties": { "detid": "147", "flow": 0.15322580645161291, "k_correct": 0.14697982886693955, "length": 0.12857900382158799, "pos": 0.041737670377799997, "fclass": "secondary", "road": "Boulevard de Suisse", "limit": "50", "citycode": "toulouse", "lanes": 1.0, "linkid": 523.0, "long": 1.4247183, "lat": 43.6213366, "osmid": "147", "x": 1.4247183, "y": 43.6213366 }, "geometry": { "type": "Point", "coordinates": [ 1.4247183, 43.6213366 ] } },
{ "type": "Feature", "properties": { "detid": "354", "flow": 0.33064516129032256, "k_correct": 0.045636205099913646, "length": 0.49613253227599102, "pos": 0.48276656592700801, "fclass": "secondary", "road": "Avenue Jean Zay", "limit": "0", "citycode": "toulouse", "lanes": 2.0, "linkid": 462.0, "long": 1.4333457, "lat": 43.6488198, "osmid": "354", "x": 1.4333457, "y": 43.6488198 }, "geometry": { "type": "Point", "coordinates": [ 1.4333457, 43.6488198 ] } },
{ "type": "Feature", "properties": { "detid": "355", "flow": 0.24193548387096775, "k_correct": 0.086296754377150023, "length": 0.21419823536742999, "pos": 0.20014176921647001, "fclass": "tertiary", "road": "Avenue de Fronton", "limit": "50", "citycode": "toulouse", "lanes": 1.0, "linkid": 511.0, "long": 1.4328589, "lat": 43.6486849, "osmid": "355", "x": 1.4328589, "y": 43.6486849 }, "geometry": { "type": "Point", "coordinates": [ 1.4328589, 43.648684899999985 ] } },
{ "type": "Feature", "properties": { "detid": "353", "flow": 0.45967741935483869, "k_correct": 0.045885225079062529, "length": 0.73400140755578402, "pos": 0.70066386114778301, "fclass": "secondary", "road": "Avenue Jean Zay", "limit": "50", "citycode": "toulouse", "lanes": 2.0, "linkid": 461.0, "long": 1.4322969, "lat": 43.6492177, "osmid": "353", "x": 1.4322969, "y": 43.6492177 }, "geometry": { "type": "Point", "coordinates": [ 1.4322969, 43.6492177 ] } },
{ "type": "Feature", "properties": { "detid": "288", "flow": 0.25806451612903225, "k_correct": 0.016421118254398247, "length": 0.59423288373011496, "pos": 0.16945613110347699, "fclass": "primary", "road": "Avenue des États-Unis", "limit": "50", "citycode": "toulouse", "lanes": 1.0, "linkid": 515.0, "long": 1.4295745, "lat": 43.6387326, "osmid": "288", "x": 1.4295745, "y": 43.6387326 }, "geometry": { "type": "Point", "coordinates": [ 1.4295745, 43.6387326 ] } },
{ "type": "Feature", "properties": { "detid": "289", "flow": 0.2661290322580645, "k_correct": 0.03597171646543372, "length": 0.59205161675846996, "pos": 0.32126964248905099, "fclass": "primary", "road": "Avenue des États-Unis", "limit": "50", "citycode": "toulouse", "lanes": 1.0, "linkid": 516.0, "long": 1.4293438, "lat": 43.6396702, "osmid": "289", "x": 1.4293438, "y": 43.6396702 }, "geometry": { "type": "Point", "coordinates": [ 1.4293438, 43.6396702 ] } },
{ "type": "Feature", "properties": { "detid": "259", "flow": 0.11290322580645161, "k_correct": 0.030684498334049879, "length": 0.27350077681349999, "pos": 0.25388809947449198, "fclass": "tertiary", "road": "Avenue de Fronton", "limit": "50", "citycode": "toulouse", "lanes": 1.0, "linkid": 514.0, "long": 1.4334717, "lat": 43.6425313, "osmid": "259", "x": 1.4334717, "y": 43.6425313 }, "geometry": { "type": "Point", "coordinates": [ 1.4334717, 43.6425313 ] } },
{ "type": "Feature", "properties": { "detid": "266", "flow": 0.17741935483870969, "k_correct": 0.035598914765452065, "length": 0.198789407796722, "pos": 0.162823487326439, "fclass": "primary", "road": "Avenue des États-Unis", "limit": "50", "citycode": "toulouse", "lanes": 1.0, "linkid": 505.0, "long": 1.4307574, "lat": 43.6354898, "osmid": "266", "x": 1.4307574, "y": 43.6354898 }, "geometry": { "type": "Point", "coordinates": [ 1.4307574, 43.6354898 ] } },
{ "type": "Feature", "properties": { "detid": "267", "flow": 0.29032258064516131, "k_correct": 0.035001266596253404, "length": 0.23059636860292801, "pos": 0.15645845268866099, "fclass": "primary", "road": "Avenue des États-Unis", "limit": "50", "citycode": "toulouse", "lanes": 1.0, "linkid": 503.0, "long": 1.4311355, "lat": 43.6342135, "osmid": "267", "x": 1.4311355, "y": 43.6342135 }, "geometry": { "type": "Point", "coordinates": [ 1.4311355, 43.6342135 ] } },
{ "type": "Feature", "properties": { "detid": "151", "flow": 0.25, "k_correct": 0.050680444196912026, "length": 0.39706914681972499, "pos": 0.3881533724265, "fclass": "primary", "road": "Avenue des États-Unis", "limit": "50", "citycode": "toulouse", "lanes": 1.0, "linkid": 502.0, "long": 1.4316317, "lat": 43.6327701, "osmid": "151", "x": 1.4316317, "y": 43.6327701 }, "geometry": { "type": "Point", "coordinates": [ 1.4316317, 43.6327701 ] } },
{ "type": "Feature", "properties": { "detid": "152", "flow": 0.16129032258064516, "k_correct": 0.03519308280111573, "length": 0.22949132156850899, "pos": 0.21326993280972401, "fclass": "primary", "road": "Avenue des États-Unis", "limit": "50", "citycode": "toulouse", "lanes": 1.0, "linkid": 504.0, "long": 1.4315982, "lat": 43.6330604, "osmid": "152", "x": 1.4315982, "y": 43.6330604 }, "geometry": { "type": "Point", "coordinates": [ 1.4315982, 43.6330604 ] } },
{ "type": "Feature", "properties": { "detid": "218", "flow": 0.20967741935483872, "k_correct": 0.060907204959558092, "length": 0.26199018018119802, "pos": 0.245711262013144, "fclass": "primary", "road": "Avenue des États-Unis", "limit": "50", "citycode": "toulouse", "lanes": 1.0, "linkid": 500.0, "long": 1.4328414, "lat": 43.6292174, "osmid": "218", "x": 1.4328414, "y": 43.6292174 }, "geometry": { "type": "Point", "coordinates": [ 1.4328414, 43.6292174 ] } },
{ "type": "Feature", "properties": { "detid": "679", "flow": 0.14112903225806453, "k_correct": 0.036845384945902455, "length": 0.20661902244983099, "pos": 0.194211941871795, "fclass": "tertiary", "road": "Avenue de Fronton", "limit": "50", "citycode": "toulouse", "lanes": 1.0, "linkid": 512.0, "long": 1.4331552, "lat": 43.6469974, "osmid": "679", "x": 1.4331552, "y": 43.6469974 }, "geometry": { "type": "Point", "coordinates": [ 1.4331552, 43.6469974 ] } },
{ "type": "Feature", "properties": { "detid": "673", "flow": 0.22580645161290322, "k_correct": 0.067419928832754536, "length": 0.190700293366593, "pos": 0.18121231279191999, "fclass": "tertiary", "road": "Avenue de Fronton", "limit": "50", "citycode": "toulouse", "lanes": 1.0, "linkid": 513.0, "long": 1.4331432, "lat": 43.6467082, "osmid": "673", "x": 1.4331432, "y": 43.6467082 }, "geometry": { "type": "Point", "coordinates": [ 1.4331432, 43.6467082 ] } }
]
}
